raw_url,normalised_url,source_export,gsc_issue,last_crawled,current_status,redirect_chain,final_url,final_status,declared_canonical,in_sitemap,current_route_exists,classification,recommended_action,priority,evidence,notes
"https://travel.mitchchadban.com/","travel.mitchchadban.com/","Coverage-Validation","Crawled - currently not indexed","2026-07-02","200","200","https://travel.mitchchadban.com/","200","","no","yes","Travel-subdomain issue","No action this sprint — belongs to travel.mitchchadban.com (separate project).","Ignore/monitor","Host=travel subdomain; live=200; chain=200. Out of main-site scope.",""
"https://mitchchadban.com/best-ways-to-build-e-e-a-t-in-2026","mitchchadban.com/best-ways-to-build-e-e-a-t-in-2026","Coverage-Validation","Crawled - currently not indexed","2026-06-29","308","308>200 -> https://mitchchadban.com/best-ways-to-build-e-e-a-t-in-2026/","https://mitchchadban.com/best-ways-to-build-e-e-a-t-in-2026/","200","https://mitchchadban.com/best-ways-to-build-e-e-a-t-in-2026/","yes","yes","Current live page with stale GSC status","None — legacy/variant URL now 301/308-redirects to the live canonical. Authority consolidates.","Ignore/monitor","chain=308>200 → https://mitchchadban.com/best-ways-to-build-e-e-a-t-in-2026/ (in sitemap). Redirect reaches canonical. impr=47.",""
"https://travel.mitchchadban.com/1-day-in-tarragona-sitges","travel.mitchchadban.com/1-day-in-tarragona-sitges","Coverage-Validation","Crawled - currently not indexed","2026-06-28","200","200","https://travel.mitchchadban.com/1-day-in-tarragona-sitges","200","","no","yes","Travel-subdomain issue","No action this sprint — belongs to travel.mitchchadban.com (separate project).","Ignore/monitor","Host=travel subdomain; live=200; chain=200. Out of main-site scope.",""
"https://mitchchadban.com/seo-for-professional-services-in-australia-what’s-different-about-ranking-when-you-sell-expertise","mitchchadban.com/seo-for-professional-services-in-australia-what-s-different-about-ranking-when-you-sell-expertise","Coverage-Validation","Crawled - currently not indexed","2026-06-26","308","308>308>200 -> https://mitchchadban.com/seo-for-professional-services-in-australia-whats-different-about-ranking-when-you-sell-expertise/","https://mitchchadban.com/seo-for-professional-services-in-australia-whats-different-about-ranking-when-you-sell-expertise/","200","https://mitchchadban.com/seo-for-professional-services-in-australia-whats-different-about-ranking-when-you-sell-expertise/","yes","yes","Current live page with stale GSC status","None — legacy/variant URL now 301/308-redirects to the live canonical. Authority consolidates.","Ignore/monitor","chain=308>308>200 → https://mitchchadban.com/seo-for-professional-services-in-australia-whats-different-about-ranking-when-you-sell-expertise/ (in sitemap). Redirect reaches canonical. impr=0.",""
"https://mitchchadban.com/aeo-explained-how-to-rank-in-ai-answers","mitchchadban.com/aeo-explained-how-to-rank-in-ai-answers","Coverage-Validation","Crawled - currently not indexed","2026-06-25","308","308>200 -> https://mitchchadban.com/aeo-explained-how-to-rank-in-ai-answers/","https://mitchchadban.com/aeo-explained-how-to-rank-in-ai-answers/","200","https://mitchchadban.com/aeo-explained-how-to-rank-in-ai-answers/","yes","yes","Current live page with stale GSC status","None — legacy/variant URL now 301/308-redirects to the live canonical. Authority consolidates.","Ignore/monitor","chain=308>200 → https://mitchchadban.com/aeo-explained-how-to-rank-in-ai-answers/ (in sitemap). Redirect reaches canonical. impr=324.",""
"https://travel.mitchchadban.com/six-days-in-rome-at-the-table-of-empires","travel.mitchchadban.com/six-days-in-rome-at-the-table-of-empires","Coverage-Validation","Crawled - currently not indexed","2026-06-24","200","200","https://travel.mitchchadban.com/six-days-in-rome-at-the-table-of-empires","200","","no","yes","Travel-subdomain issue","No action this sprint — belongs to travel.mitchchadban.com (separate project).","Ignore/monitor","Host=travel subdomain; live=200; chain=200. Out of main-site scope.",""
"https://mitchchadban.com/SEO-for-SaaS-Australia-What-Works-in-2026","mitchchadban.com/seo-for-saas-australia-what-works-in-2026","Coverage-Validation","Crawled - currently not indexed","2026-06-23","308","308>404 -> https://mitchchadban.com/SEO-for-SaaS-Australia-What-Works-in-2026/","https://mitchchadban.com/SEO-for-SaaS-Australia-What-Works-in-2026/","404","","no","no","Legacy URL missing a redirect","Add 301 redirect: /SEO-for-SaaS-Australia-What-Works-in-2026 → /seo-for-saas-australia-what-works-in-2026/ (also add slash + non-slash source variants).","P2","chain=308>404 (404). Clear current equivalent exists (/seo-for-saas-australia-what-works-in-2026/). impr=16, pos=6.06. No redirect rule matches this variant.","Capitalised/legacy title-case variant: no case-insensitive redirect rule; Vercel paths are case-sensitive."
"https://mitchchadban.com/best-seo- -ai-workflow-for-2026","mitchchadban.com/best-seo-ai-workflow-for-2026","Coverage-Validation","Crawled - currently not indexed","2026-06-22","308","308>404 -> https://mitchchadban.com/best-seo-%20-ai-workflow-for-2026/","https://mitchchadban.com/best-seo-%20-ai-workflow-for-2026/","404","","no","no","Legacy URL missing a redirect","Add 301 redirect: /best-seo- -ai-workflow-for-2026 → /best-seo-and-ai-workflow-for-2026/ (also add slash + non-slash source variants).","P1","chain=308>404 (404). Clear current equivalent exists (/best-seo-and-ai-workflow-for-2026/). impr=40, pos=13.03. No redirect rule matches this variant.","Cargo ""+""→space artifact: the %2B/encoded variant redirects, but the space (%20) variant has no rule."
"https://travel.mitchchadban.com/3-days-in-tangier-at-the-edge-of-two-worlds","travel.mitchchadban.com/3-days-in-tangier-at-the-edge-of-two-worlds","Coverage-Validation","Crawled - currently not indexed","2026-06-21","200","200","https://travel.mitchchadban.com/3-days-in-tangier-at-the-edge-of-two-worlds","200","","no","yes","Travel-subdomain issue","No action this sprint — belongs to travel.mitchchadban.com (separate project).","Ignore/monitor","Host=travel subdomain; live=200; chain=200. Out of main-site scope.",""
"https://travel.mitchchadban.com/5-days-in-porto-the-city-the-river-built","travel.mitchchadban.com/5-days-in-porto-the-city-the-river-built","Coverage-Validation","Crawled - currently not indexed","2026-06-21","200","200","https://travel.mitchchadban.com/5-days-in-porto-the-city-the-river-built","200","","no","yes","Travel-subdomain issue","No action this sprint — belongs to travel.mitchchadban.com (separate project).","Ignore/monitor","Host=travel subdomain; live=200; chain=200. Out of main-site scope.",""
"https://travel.mitchchadban.com/the-douro-valley-—-a-day-among-the-terraced-vines","travel.mitchchadban.com/the-douro-valley-a-day-among-the-terraced-vines","Coverage-Validation","Crawled - currently not indexed","2026-06-20","404","404","https://travel.mitchchadban.com/the-douro-valley-%E2%80%94-a-day-among-the-terraced-vines","404","","no","no","Travel-subdomain issue","No action this sprint — belongs to travel.mitchchadban.com (separate project).","Ignore/monitor","Host=travel subdomain; live=404; chain=404. Out of main-site scope.",""
"https://travel.mitchchadban.com/7-days-in-barcelona-gaudí's-unfinished-argument","travel.mitchchadban.com/7-days-in-barcelona-gaud-s-unfinished-argument","Coverage-Validation","Crawled - currently not indexed","2026-06-20","404","404","https://travel.mitchchadban.com/7-days-in-barcelona-gaud%C3%AD's-unfinished-argument","404","","no","no","Travel-subdomain issue","No action this sprint — belongs to travel.mitchchadban.com (separate project).","Ignore/monitor","Host=travel subdomain; live=404; chain=404. Out of main-site scope.",""
"https://travel.mitchchadban.com/2-days-in-évora-bones-roman-stones","travel.mitchchadban.com/2-days-in-vora-bones-roman-stones","Coverage-Validation","Crawled - currently not indexed","2026-06-20","404","404","https://travel.mitchchadban.com/2-days-in-%C3%A9vora-bones-roman-stones","404","","no","no","Travel-subdomain issue","No action this sprint — belongs to travel.mitchchadban.com (separate project).","Ignore/monitor","Host=travel subdomain; live=404; chain=404. Out of main-site scope.",""
"https://travel.mitchchadban.com/coming-soon","travel.mitchchadban.com/coming-soon","Coverage-Validation","Crawled - currently not indexed","2026-06-19","200","200","https://travel.mitchchadban.com/coming-soon","200","","no","yes","Travel-subdomain issue","No action this sprint — belongs to travel.mitchchadban.com (separate project).","Ignore/monitor","Host=travel subdomain; live=200; chain=200. Out of main-site scope.",""
"https://travel.mitchchadban.com/italy,-morocco-seville-4-week-itinerary","travel.mitchchadban.com/italy-morocco-seville-4-week-itinerary","Coverage-Validation","Crawled - currently not indexed","2026-06-19","404","404","https://travel.mitchchadban.com/italy,-morocco-seville-4-week-itinerary","404","","no","no","Travel-subdomain issue","No action this sprint — belongs to travel.mitchchadban.com (separate project).","Ignore/monitor","Host=travel subdomain; live=404; chain=404. Out of main-site scope.",""
"https://mitchchadban.com/MonoDuo","mitchchadban.com/monoduo","Coverage-Validation","Crawled - currently not indexed","2026-06-18","308","308>404 -> https://mitchchadban.com/MonoDuo/","https://mitchchadban.com/MonoDuo/","404","","no","no","Legacy URL missing a redirect","Add 301 redirect: /MonoDuo → /monoduo/ (also add slash + non-slash source variants).","P2","chain=308>404 (404). Clear current equivalent exists (/monoduo/). impr=4, pos=7.5. No redirect rule matches this variant.","Capitalised/legacy title-case variant: no case-insensitive redirect rule; Vercel paths are case-sensitive."
"https://travel.mitchchadban.com/1-day-in-santiago-de-compostela","travel.mitchchadban.com/1-day-in-santiago-de-compostela","Coverage-Validation","Crawled - currently not indexed","2026-06-16","200","200","https://travel.mitchchadban.com/1-day-in-santiago-de-compostela","200","","no","yes","Travel-subdomain issue","No action this sprint — belongs to travel.mitchchadban.com (separate project).","Ignore/monitor","Host=travel subdomain; live=200; chain=200. Out of main-site scope.",""
"https://travel.mitchchadban.com/5-days-in-lisbon-itinerary","travel.mitchchadban.com/5-days-in-lisbon-itinerary","Coverage-Validation","Crawled - currently not indexed","2026-06-16","200","200","https://travel.mitchchadban.com/5-days-in-lisbon-itinerary","200","","no","yes","Travel-subdomain issue","No action this sprint — belongs to travel.mitchchadban.com (separate project).","Ignore/monitor","Host=travel subdomain; live=200; chain=200. Out of main-site scope.",""
"https://travel.mitchchadban.com/1-day-in-colònia-güell","travel.mitchchadban.com/1-day-in-col-nia-g-ell","Coverage-Validation","Crawled - currently not indexed","2026-06-16","404","404","https://travel.mitchchadban.com/1-day-in-col%C3%B2nia-g%C3%BCell","404","","no","no","Travel-subdomain issue","No action this sprint — belongs to travel.mitchchadban.com (separate project).","Ignore/monitor","Host=travel subdomain; live=404; chain=404. Out of main-site scope.",""
"https://travel.mitchchadban.com/4-weeks-portugal-to-spain-by-rail-road","travel.mitchchadban.com/4-weeks-portugal-to-spain-by-rail-road","Coverage-Validation","Crawled - currently not indexed","2026-06-16","200","200","https://travel.mitchchadban.com/4-weeks-portugal-to-spain-by-rail-road","200","","no","yes","Travel-subdomain issue","No action this sprint — belongs to travel.mitchchadban.com (separate project).","Ignore/monitor","Host=travel subdomain; live=200; chain=200. Out of main-site scope.",""
"https://travel.mitchchadban.com/by-region","travel.mitchchadban.com/by-region","Coverage-Validation","Crawled - currently not indexed","2026-06-16","200","200","https://travel.mitchchadban.com/by-region","200","","no","yes","Travel-subdomain issue","No action this sprint — belongs to travel.mitchchadban.com (separate project).","Ignore/monitor","Host=travel subdomain; live=200; chain=200. Out of main-site scope.",""
"https://travel.mitchchadban.com/2-days-in-cáceres-a-medieval-city-held-in-amber","travel.mitchchadban.com/2-days-in-c-ceres-a-medieval-city-held-in-amber","Coverage-Validation","Crawled - currently not indexed","2026-06-14","404","404","https://travel.mitchchadban.com/2-days-in-c%C3%A1ceres-a-medieval-city-held-in-amber","404","","no","no","Travel-subdomain issue","No action this sprint — belongs to travel.mitchchadban.com (separate project).","Ignore/monitor","Host=travel subdomain; live=404; chain=404. Out of main-site scope.",""
"https://travel.mitchchadban.com/1-day-in-cádiz-—-at-the-edge-of-the-known-world","travel.mitchchadban.com/1-day-in-c-diz-at-the-edge-of-the-known-world","Coverage-Validation","Crawled - currently not indexed","2026-06-14","404","404","https://travel.mitchchadban.com/1-day-in-c%C3%A1diz-%E2%80%94-at-the-edge-of-the-known-world","404","","no","no","Travel-subdomain issue","No action this sprint — belongs to travel.mitchchadban.com (separate project).","Ignore/monitor","Host=travel subdomain; live=404; chain=404. Out of main-site scope.",""
"https://travel.mitchchadban.com/3-days-in-madrid-the-capital-at-full-volume","travel.mitchchadban.com/3-days-in-madrid-the-capital-at-full-volume","Coverage-Validation","Crawled - currently not indexed","2026-06-07","200","200","https://travel.mitchchadban.com/3-days-in-madrid-the-capital-at-full-volume","200","","no","yes","Travel-subdomain issue","No action this sprint — belongs to travel.mitchchadban.com (separate project).","Ignore/monitor","Host=travel subdomain; live=200; chain=200. Out of main-site scope.",""
"https://travel.mitchchadban.com/1-day-in-santiago-de-compostela-—-the-end-of-the-pilgrim-road","travel.mitchchadban.com/1-day-in-santiago-de-compostela-the-end-of-the-pilgrim-road","Coverage-Validation","Crawled - currently not indexed","2026-06-05","404","404","https://travel.mitchchadban.com/1-day-in-santiago-de-compostela-%E2%80%94-the-end-of-the-pilgrim-road","404","","no","no","Travel-subdomain issue","No action this sprint — belongs to travel.mitchchadban.com (separate project).","Ignore/monitor","Host=travel subdomain; live=404; chain=404. Out of main-site scope.",""
"https://travel.mitchchadban.com/1-day-in-colònia-güell-gaudí's-forgotten-blueprint","travel.mitchchadban.com/1-day-in-col-nia-g-ell-gaud-s-forgotten-blueprint","Coverage-Validation","Crawled - currently not indexed","2026-06-05","404","404","https://travel.mitchchadban.com/1-day-in-col%C3%B2nia-g%C3%BCell-gaud%C3%AD's-forgotten-blueprint","404","","no","no","Travel-subdomain issue","No action this sprint — belongs to travel.mitchchadban.com (separate project).","Ignore/monitor","Host=travel subdomain; live=404; chain=404. Out of main-site scope.",""
"https://travel.mitchchadban.com/1-day-in-figueres-girona-a-day-inside-dalí's-mind","travel.mitchchadban.com/1-day-in-figueres-girona-a-day-inside-dal-s-mind","Coverage-Validation","Crawled - currently not indexed","2026-06-04","404","404","https://travel.mitchchadban.com/1-day-in-figueres-girona-a-day-inside-dal%C3%AD's-mind","404","","no","no","Travel-subdomain issue","No action this sprint — belongs to travel.mitchchadban.com (separate project).","Ignore/monitor","Host=travel subdomain; live=404; chain=404. Out of main-site scope.",""
"https://travel.mitchchadban.com/about-the-traveller","travel.mitchchadban.com/about-the-traveller","Coverage-Validation","Crawled - currently not indexed","2026-06-04","200","200","https://travel.mitchchadban.com/about-the-traveller","200","","no","yes","Travel-subdomain issue","No action this sprint — belongs to travel.mitchchadban.com (separate project).","Ignore/monitor","Host=travel subdomain; live=200; chain=200. Out of main-site scope.",""
"https://travel.mitchchadban.com/10-days-in-sevilla-andalucía-without-rush","travel.mitchchadban.com/10-days-in-sevilla-andaluc-a-without-rush","Coverage-Validation","Crawled - currently not indexed","2026-06-04","404","404","https://travel.mitchchadban.com/10-days-in-sevilla-andaluc%C3%ADa-without-rush","404","","no","no","Travel-subdomain issue","No action this sprint — belongs to travel.mitchchadban.com (separate project).","Ignore/monitor","Host=travel subdomain; live=404; chain=404. Out of main-site scope.",""
"https://travel.mitchchadban.com/4-weeks-portugal-to-spain-by-rail-road-the-complete-circuit","travel.mitchchadban.com/4-weeks-portugal-to-spain-by-rail-road-the-complete-circuit","Coverage-Validation","Crawled - currently not indexed","2026-06-03","404","404","https://travel.mitchchadban.com/4-weeks-portugal-to-spain-by-rail-road-the-complete-circuit","404","","no","no","Travel-subdomain issue","No action this sprint — belongs to travel.mitchchadban.com (separate project).","Ignore/monitor","Host=travel subdomain; live=404; chain=404. Out of main-site scope.",""
"https://travel.mitchchadban.com/4-days-in-lagos-the-coast-of-golden-cliffs","travel.mitchchadban.com/4-days-in-lagos-the-coast-of-golden-cliffs","Coverage-Validation","Crawled - currently not indexed","2026-06-03","200","200","https://travel.mitchchadban.com/4-days-in-lagos-the-coast-of-golden-cliffs","200","","no","yes","Travel-subdomain issue","No action this sprint — belongs to travel.mitchchadban.com (separate project).","Ignore/monitor","Host=travel subdomain; live=200; chain=200. Out of main-site scope.",""
"https://travel.mitchchadban.com/menu_web","travel.mitchchadban.com/menu-web","Coverage-Validation","Crawled - currently not indexed","2026-06-03","404","404","https://travel.mitchchadban.com/menu_web","404","","no","no","Travel-subdomain issue","No action this sprint — belongs to travel.mitchchadban.com (separate project).","Ignore/monitor","Host=travel subdomain; live=404; chain=404. Out of main-site scope.",""
"https://travel.mitchchadban.com/the-imperial-circuit-morocco-in-14-days","travel.mitchchadban.com/the-imperial-circuit-morocco-in-14-days","Coverage-Validation","Crawled - currently not indexed","2026-06-02","200","200","https://travel.mitchchadban.com/the-imperial-circuit-morocco-in-14-days","200","","no","yes","Travel-subdomain issue","No action this sprint — belongs to travel.mitchchadban.com (separate project).","Ignore/monitor","Host=travel subdomain; live=200; chain=200. Out of main-site scope.",""
"https://travel.mitchchadban.com/menu_mobile","travel.mitchchadban.com/menu-mobile","Coverage-Validation","Crawled - currently not indexed","2026-06-02","404","404","https://travel.mitchchadban.com/menu_mobile","404","","no","no","Travel-subdomain issue","No action this sprint — belongs to travel.mitchchadban.com (separate project).","Ignore/monitor","Host=travel subdomain; live=404; chain=404. Out of main-site scope.",""
"https://mitchchadban.com/Growth-Marketing-Strategy-for-SaaS","mitchchadban.com/growth-marketing-strategy-for-saas","Coverage-Validation","Crawled - currently not indexed","2026-05-23","308","308>404 -> https://mitchchadban.com/Growth-Marketing-Strategy-for-SaaS/","https://mitchchadban.com/Growth-Marketing-Strategy-for-SaaS/","404","","no","no","Legacy URL missing a redirect","Add 301 redirect: /Growth-Marketing-Strategy-for-SaaS → /growth-marketing-strategy-for-saas/ (also add slash + non-slash source variants).","P2","chain=308>404 (404). Clear current equivalent exists (/growth-marketing-strategy-for-saas/). impr=2, pos=5. No redirect rule matches this variant.","Capitalised/legacy title-case variant: no case-insensitive redirect rule; Vercel paths are case-sensitive."
"https://mitchchadban.com/SEO-for-SaaS-Startups","mitchchadban.com/seo-for-saas-startups","Coverage-Validation","Crawled - currently not indexed","2026-05-23","308","308>404 -> https://mitchchadban.com/SEO-for-SaaS-Startups/","https://mitchchadban.com/SEO-for-SaaS-Startups/","404","","no","no","Legacy URL missing a redirect","Add 301 redirect: /SEO-for-SaaS-Startups → /seo-for-saas-startups/ (also add slash + non-slash source variants).","P2","chain=308>404 (404). Clear current equivalent exists (/seo-for-saas-startups/). impr=2, pos=3.5. No redirect rule matches this variant.","Capitalised/legacy title-case variant: no case-insensitive redirect rule; Vercel paths are case-sensitive."
"https://travel.mitchchadban.com/san-marino-upon-the-rock-of-the-oldest-republic","travel.mitchchadban.com/san-marino-upon-the-rock-of-the-oldest-republic","Coverage-Validation","Crawled - currently not indexed","2026-05-22","404","404","https://travel.mitchchadban.com/san-marino-upon-the-rock-of-the-oldest-republic","404","","no","no","Travel-subdomain issue","No action this sprint — belongs to travel.mitchchadban.com (separate project).","Ignore/monitor","Host=travel subdomain; live=404; chain=404. Out of main-site scope.",""
"https://travel.mitchchadban.com/bologna-the-fat-city's-table-1","travel.mitchchadban.com/bologna-the-fat-city-s-table-1","Coverage-Validation","Crawled - currently not indexed","2026-05-22","404","404","https://travel.mitchchadban.com/bologna-the-fat-city's-table-1","404","","no","no","Travel-subdomain issue","No action this sprint — belongs to travel.mitchchadban.com (separate project).","Ignore/monitor","Host=travel subdomain; live=404; chain=404. Out of main-site scope.",""
"https://mitchchadban.com/Graphic-Designer-for-Modern-Brands","mitchchadban.com/graphic-designer-for-modern-brands","Coverage-Validation","Crawled - currently not indexed","2026-05-16","308","308>308>200 -> https://mitchchadban.com/graphic-designer-for-modern-brands/","https://mitchchadban.com/graphic-designer-for-modern-brands/","200","https://mitchchadban.com/graphic-designer-for-modern-brands/","yes","yes","Current live page with stale GSC status","None — legacy/variant URL now 301/308-redirects to the live canonical. Authority consolidates.","Ignore/monitor","chain=308>308>200 → https://mitchchadban.com/graphic-designer-for-modern-brands/ (in sitemap). Redirect reaches canonical. impr=0.",""
"https://travel.mitchchadban.com/fez-into-the-labyrinth-of-the-eternal-city","travel.mitchchadban.com/fez-into-the-labyrinth-of-the-eternal-city","Coverage-Validation","Crawled - currently not indexed","2026-05-15","404","404","https://travel.mitchchadban.com/fez-into-the-labyrinth-of-the-eternal-city","404","","no","no","Travel-subdomain issue","No action this sprint — belongs to travel.mitchchadban.com (separate project).","Ignore/monitor","Host=travel subdomain; live=404; chain=404. Out of main-site scope.",""
"https://travel.mitchchadban.com/cádiz-—-at-the-edgeof-the-known-world","travel.mitchchadban.com/c-diz-at-the-edgeof-the-known-world","Coverage-Validation","Crawled - currently not indexed","2026-05-15","404","404","https://travel.mitchchadban.com/c%C3%A1diz-%E2%80%94-at-the-edgeof-the-known-world","404","","no","no","Travel-subdomain issue","No action this sprint — belongs to travel.mitchchadban.com (separate project).","Ignore/monitor","Host=travel subdomain; live=404; chain=404. Out of main-site scope.",""
"https://travel.mitchchadban.com/articles","travel.mitchchadban.com/articles","Coverage-Validation","Crawled - currently not indexed","2026-05-15","404","404","https://travel.mitchchadban.com/articles","404","","no","no","Travel-subdomain issue","No action this sprint — belongs to travel.mitchchadban.com (separate project).","Ignore/monitor","Host=travel subdomain; live=404; chain=404. Out of main-site scope.",""
"https://mitchchadban.com/Blogs-Resources","mitchchadban.com/blogs-resources","Coverage-Validation","Crawled - currently not indexed","2026-05-14","308","308>404 -> https://mitchchadban.com/Blogs-Resources/","https://mitchchadban.com/Blogs-Resources/","404","","no","no","Legacy URL missing a redirect","Add 301 redirect: /Blogs-Resources → /blogs-resources/ (also add slash + non-slash source variants).","P2","chain=308>404 (404). Clear current equivalent exists (/blogs-resources/). impr=16, pos=5.31. No redirect rule matches this variant.","Capitalised/legacy title-case variant: no case-insensitive redirect rule; Vercel paths are case-sensitive."
"https://travel.mitchchadban.com/andalucía-without-rush","travel.mitchchadban.com/andaluc-a-without-rush","Coverage-Validation","Crawled - currently not indexed","2026-05-11","404","404","https://travel.mitchchadban.com/andaluc%C3%ADa-without-rush","404","","no","no","Travel-subdomain issue","No action this sprint — belongs to travel.mitchchadban.com (separate project).","Ignore/monitor","Host=travel subdomain; live=404; chain=404. Out of main-site scope.",""
"https://mitchchadban.com/Biggs","mitchchadban.com/biggs","Coverage-Validation","Crawled - currently not indexed","2026-04-12","308","308>308>200 -> https://mitchchadban.com/biggs/","https://mitchchadban.com/biggs/","200","https://mitchchadban.com/biggs/","yes","yes","Current live page with stale GSC status","None — legacy/variant URL now 301/308-redirects to the live canonical. Authority consolidates.","Ignore/monitor","chain=308>308>200 → https://mitchchadban.com/biggs/ (in sitemap). Redirect reaches canonical. impr=0.",""
"https://mitchchadban.com/Best-Ways-to-Build-E-E-A-T-in-2026","mitchchadban.com/best-ways-to-build-e-e-a-t-in-2026","Coverage-Validation","Crawled - currently not indexed","2026-04-08","308","308>308>200 -> https://mitchchadban.com/best-ways-to-build-e-e-a-t-in-2026/","https://mitchchadban.com/best-ways-to-build-e-e-a-t-in-2026/","200","https://mitchchadban.com/best-ways-to-build-e-e-a-t-in-2026/","yes","yes","Current live page with stale GSC status","None — legacy/variant URL now 301/308-redirects to the live canonical. Authority consolidates.","Ignore/monitor","chain=308>308>200 → https://mitchchadban.com/best-ways-to-build-e-e-a-t-in-2026/ (in sitemap). Redirect reaches canonical. impr=0.",""
"https://mitchchadban.com/?fbclid=IwAR1wImVhEcDURXFZmSw_cDb7tS5ialbHyQ91BH8VOV6-ysi5zmsHxnWdWHk","mitchchadban.com/","Coverage-Validation","Crawled - currently not indexed","2026-02-13","200","200","https://mitchchadban.com/?fbclid=IwAR1wImVhEcDURXFZmSw_cDb7tS5ialbHyQ91BH8VOV6-ysi5zmsHxnWdWHk","200","https://mitchchadban.com/","no","yes","Current live page with stale GSC status","No code change. Monitor re-indexing; strengthen internal links / content if it stays out (see quick-wins).","P2","Live 200, self, in sitemap. GSC status ""Crawled - currently not indexed"" reflects pre-fix crawl or low authority. impr=0, pos=.","Crawled-not-indexed on a live indexable page = low authority/thin or stale crawl, not a config defect."
"https://mitchchadban.com/pricing-and-packages","mitchchadban.com/pricing-and-packages","Coverage-Validation","Crawled - currently not indexed","2026-07-10","308","308>200 -> https://mitchchadban.com/pricing-and-packages/","https://mitchchadban.com/pricing-and-packages/","200","https://mitchchadban.com/pricing-and-packages/","yes","yes","Current live page with stale GSC status","None — legacy/variant URL now 301/308-redirects to the live canonical. Authority consolidates.","Ignore/monitor","chain=308>200 → https://mitchchadban.com/pricing-and-packages/ (in sitemap). Redirect reaches canonical. impr=0.",""
"https://mitchchadban.com/blogs-resources","mitchchadban.com/blogs-resources","Coverage-Validation","Crawled - currently not indexed","2026-07-05","308","308>200 -> https://mitchchadban.com/blogs-resources/","https://mitchchadban.com/blogs-resources/","200","https://mitchchadban.com/blogs-resources/","yes","yes","Current live page with stale GSC status","None — legacy/variant URL now 301/308-redirects to the live canonical. Authority consolidates.","Ignore/monitor","chain=308>200 → https://mitchchadban.com/blogs-resources/ (in sitemap). Redirect reaches canonical. impr=0.",""
"https://mitchchadban.com/Custom-Pet-Portraits-Digital-Print","mitchchadban.com/custom-pet-portraits-digital-print","Coverage-Validation (1)","Not found (404)","2026-07-02","308","308>308>200 -> https://mitchchadban.com/custom-pet-portraits-digital-and-print/","https://mitchchadban.com/custom-pet-portraits-digital-and-print/","200","https://mitchchadban.com/custom-pet-portraits-digital-and-print/","yes","yes","Current live page with stale GSC status","None — legacy/variant URL now 301/308-redirects to the live canonical. Authority consolidates.","Ignore/monitor","chain=308>308>200 → https://mitchchadban.com/custom-pet-portraits-digital-and-print/ (in sitemap). Redirect reaches canonical. impr=0.",""
"https://mitchchadban.com/Social-Media-Design-That-Doesnt-Look-Like-Everyone-Else","mitchchadban.com/social-media-design-that-doesnt-look-like-everyone-else","Coverage-Validation (1)","Not found (404)","2026-07-02","308","308>404 -> https://mitchchadban.com/Social-Media-Design-That-Doesnt-Look-Like-Everyone-Else/","https://mitchchadban.com/Social-Media-Design-That-Doesnt-Look-Like-Everyone-Else/","404","","no","no","Legacy URL missing a redirect","Add 301 redirect: /Social-Media-Design-That-Doesnt-Look-Like-Everyone-Else → /social-media-design-that-doesnt-look-like-everyone-else/ (also add slash + non-slash source variants).","P2","chain=308>404 (404). Clear current equivalent exists (/social-media-design-that-doesnt-look-like-everyone-else/). impr=0, pos=. No redirect rule matches this variant.","Capitalised/legacy title-case variant: no case-insensitive redirect rule; Vercel paths are case-sensitive."
"https://mitchchadban.com/custom-pet-portraits/","mitchchadban.com/custom-pet-portraits","Coverage-Validation (1)","Not found (404)","2026-06-30","404","404","https://mitchchadban.com/custom-pet-portraits/","404","","no","no","Intentional retired URL","None — Cargo-era utility/artifact page with no current equivalent and no meaningful search value.","Ignore/monitor","chain=404 (404). No current equivalent. impr=0. Retired artifact.",""
"https://mitchchadban.com/diseño-gráfico-para-empresas-(limpio,-premium-y-listo-para-usar)/","mitchchadban.com/dise-o-gr-fico-para-empresas-limpio-premium-y-listo-para-usar","Coverage-Validation (1)","Not found (404)","2026-06-30","404","404","https://mitchchadban.com/dise%C3%B1o-gr%C3%A1fico-para-empresas-(limpio,-premium-y-listo-para-usar)/","404","","no","no","Intentional retired URL","None — Cargo-era utility/artifact page with no current equivalent and no meaningful search value.","Ignore/monitor","chain=404 (404). No current equivalent. impr=0. Retired artifact.",""
"https://mitchchadban.com/growth-marketing-para-saas-y-startups-(estrategia- 
-ejecución)/","mitchchadban.com/growth-marketing-para-saas-y-startups-estrategia-ejecuci-n","Coverage-Validation (1)","Not found (404)","2026-06-30","404","404","https://mitchchadban.com/growth-marketing-para-saas-y-startups-(estrategia-%20-ejecuci%C3%B3n)/","404","","no","no","Intentional retired URL","None — Cargo-era utility/artifact page with no current equivalent and no meaningful search value.","Ignore/monitor","chain=404 (404). No current equivalent. impr=0. Retired artifact.",""
"https://travel.mitchchadban.com/4-days-in-bologna-the-fat-city's-table","travel.mitchchadban.com/4-days-in-bologna-the-fat-city-s-table","Coverage-Validation (1)","Not found (404)","2026-06-30","404","404","https://travel.mitchchadban.com/4-days-in-bologna-the-fat-city's-table","404","","no","no","Travel-subdomain issue","No action this sprint — belongs to travel.mitchchadban.com (separate project).","Ignore/monitor","Host=travel subdomain; live=404; chain=404. Out of main-site scope.",""
"https://mitchchadban.com/ilustración-comercial-(digital-y-impresa)/","mitchchadban.com/ilustraci-n-comercial-digital-y-impresa","Coverage-Validation (1)","Not found (404)","2026-06-30","404","404","https://mitchchadban.com/ilustraci%C3%B3n-comercial-(digital-y-impresa)/","404","","no","no","Intentional retired URL","None — Cargo-era utility/artifact page with no current equivalent and no meaningful search value.","Ignore/monitor","chain=404 (404). No current equivalent. impr=0. Retired artifact.",""
"https://travel.mitchchadban.com/4-days-in-valencia-—-where-the-river-became-a-garden","travel.mitchchadban.com/4-days-in-valencia-where-the-river-became-a-garden","Coverage-Validation (1)","Not found (404)","2026-06-23","404","404","https://travel.mitchchadban.com/4-days-in-valencia-%E2%80%94-where-the-river-became-a-garden","404","","no","no","Travel-subdomain issue","No action this sprint — belongs to travel.mitchchadban.com (separate project).","Ignore/monitor","Host=travel subdomain; live=404; chain=404. Out of main-site scope.",""
"https://travel.mitchchadban.com/san-marino-a-day-trip-upon-the-rock-of-the-oldest-republic","travel.mitchchadban.com/san-marino-a-day-trip-upon-the-rock-of-the-oldest-republic","Coverage-Validation (1)","Not found (404)","2026-06-23","404","404","https://travel.mitchchadban.com/san-marino-a-day-trip-upon-the-rock-of-the-oldest-republic","404","","no","no","Travel-subdomain issue","No action this sprint — belongs to travel.mitchchadban.com (separate project).","Ignore/monitor","Host=travel subdomain; live=404; chain=404. Out of main-site scope.",""
"https://travel.mitchchadban.com/1-day-in-tarragona-sitges-roman-stone-and-seaside-light","travel.mitchchadban.com/1-day-in-tarragona-sitges-roman-stone-and-seaside-light","Coverage-Validation (1)","Not found (404)","2026-06-22","404","404","https://travel.mitchchadban.com/1-day-in-tarragona-sitges-roman-stone-and-seaside-light","404","","no","no","Travel-subdomain issue","No action this sprint — belongs to travel.mitchchadban.com (separate project).","Ignore/monitor","Host=travel subdomain; live=404; chain=404. Out of main-site scope.",""
"https://travel.mitchchadban.com/5-days-in-lisbon-seven-hills-and-the-sound-of-fado","travel.mitchchadban.com/5-days-in-lisbon-seven-hills-and-the-sound-of-fado","Coverage-Validation (1)","Not found (404)","2026-06-21","404","404","https://travel.mitchchadban.com/5-days-in-lisbon-seven-hills-and-the-sound-of-fado","404","","no","no","Travel-subdomain issue","No action this sprint — belongs to travel.mitchchadban.com (separate project).","Ignore/monitor","Host=travel subdomain; live=404; chain=404. Out of main-site scope.",""
"https://travel.mitchchadban.com/rome-six-days-at-the-table-of-empires","travel.mitchchadban.com/rome-six-days-at-the-table-of-empires","Coverage-Validation (1)","Not found (404)","2026-06-20","404","404","https://travel.mitchchadban.com/rome-six-days-at-the-table-of-empires","404","","no","no","Travel-subdomain issue","No action this sprint — belongs to travel.mitchchadban.com (separate project).","Ignore/monitor","Host=travel subdomain; live=404; chain=404. Out of main-site scope.",""
"https://travel.mitchchadban.com/tangier-at-the-edge-of-two-worlds","travel.mitchchadban.com/tangier-at-the-edge-of-two-worlds","Coverage-Validation (1)","Not found (404)","2026-06-20","404","404","https://travel.mitchchadban.com/tangier-at-the-edge-of-two-worlds","404","","no","no","Travel-subdomain issue","No action this sprint — belongs to travel.mitchchadban.com (separate project).","Ignore/monitor","Host=travel subdomain; live=404; chain=404. Out of main-site scope.",""
"https://mitchchadban.com/complete-ai-search-strategy-guide/","mitchchadban.com/complete-ai-search-strategy-guide","Coverage-Validation (1)","Not found (404)","2026-06-20","404","404","https://mitchchadban.com/complete-ai-search-strategy-guide/","404","","no","no","Intentional retired URL","None — Cargo-era utility/artifact page with no current equivalent and no meaningful search value.","Ignore/monitor","chain=404 (404). No current equivalent. impr=0. Retired artifact.",""
"https://mitchchadban.com/Social-Media-Design-That-Doesn-t-Look-Like-Everyone-Else","mitchchadban.com/social-media-design-that-doesn-t-look-like-everyone-else","Coverage-Validation (1)","Not found (404)","2026-06-06","308","308>308>200 -> https://mitchchadban.com/social-media-design-that-doesnt-look-like-everyone-else/","https://mitchchadban.com/social-media-design-that-doesnt-look-like-everyone-else/","200","https://mitchchadban.com/social-media-design-that-doesnt-look-like-everyone-else/","yes","yes","Current live page with stale GSC status","None — legacy/variant URL now 301/308-redirects to the live canonical. Authority consolidates.","Ignore/monitor","chain=308>308>200 → https://mitchchadban.com/social-media-design-that-doesnt-look-like-everyone-else/ (in sitemap). Redirect reaches canonical. impr=4.",""
"https://mitchchadban.com/Portrait-Commissions-Digital-Print","mitchchadban.com/portrait-commissions-digital-print","Coverage-Validation (1)","Not found (404)","2026-06-05","308","308>308>200 -> https://mitchchadban.com/portrait-commissions-digital-and-print/","https://mitchchadban.com/portrait-commissions-digital-and-print/","200","https://mitchchadban.com/portrait-commissions-digital-and-print/","yes","yes","Current live page with stale GSC status","None — legacy/variant URL now 301/308-redirects to the live canonical. Authority consolidates.","Ignore/monitor","chain=308>308>200 → https://mitchchadban.com/portrait-commissions-digital-and-print/ (in sitemap). Redirect reaches canonical. impr=1.",""
"https://mitchchadban.com/Commercial-Illustration-Digital-Print","mitchchadban.com/commercial-illustration-digital-print","Coverage-Validation (1)","Not found (404)","2026-06-04","308","308>308>200 -> https://mitchchadban.com/commercial-illustration-digital-and-print/","https://mitchchadban.com/commercial-illustration-digital-and-print/","200","https://mitchchadban.com/commercial-illustration-digital-and-print/","yes","yes","Current live page with stale GSC status","None — legacy/variant URL now 301/308-redirects to the live canonical. Authority consolidates.","Ignore/monitor","chain=308>308>200 → https://mitchchadban.com/commercial-illustration-digital-and-print/ (in sitemap). Redirect reaches canonical. impr=1.",""
"https://mitchchadban.com/Branding-Designer-Logos-Visual-Identity","mitchchadban.com/branding-designer-logos-visual-identity","Coverage-Validation (1)","Not found (404)","2026-05-28","308","308>308>200 -> https://mitchchadban.com/branding-designer-logos-and-visual-identity/","https://mitchchadban.com/branding-designer-logos-and-visual-identity/","200","https://mitchchadban.com/branding-designer-logos-and-visual-identity/","yes","yes","Current live page with stale GSC status","None — legacy/variant URL now 301/308-redirects to the live canonical. Authority consolidates.","Ignore/monitor","chain=308>308>200 → https://mitchchadban.com/branding-designer-logos-and-visual-identity/ (in sitemap). Redirect reaches canonical. impr=0.",""
"https://mitchchadban.com/The-Marketing-Collateral-Checklist-What-You-Need","mitchchadban.com/the-marketing-collateral-checklist-what-you-need","Coverage-Validation (1)","Not found (404)","2026-05-16","308","308>308>200 -> https://mitchchadban.com/the-marketing-collateral-checklist-what-you-need/","https://mitchchadban.com/the-marketing-collateral-checklist-what-you-need/","200","https://mitchchadban.com/the-marketing-collateral-checklist-what-you-need/","yes","yes","Current live page with stale GSC status","None — legacy/variant URL now 301/308-redirects to the live canonical. Authority consolidates.","Ignore/monitor","chain=308>308>200 → https://mitchchadban.com/the-marketing-collateral-checklist-what-you-need/ (in sitemap). Redirect reaches canonical. impr=18.",""
"https://mitchchadban.com/Portrait-Commissions-Digital-Print-Mitch-Chadban","mitchchadban.com/portrait-commissions-digital-print-mitch-chadban","Coverage-Validation (1)","Not found (404)","2026-04-06","308","308>308>200 -> https://mitchchadban.com/portrait-commissions-digital-and-print/","https://mitchchadban.com/portrait-commissions-digital-and-print/","200","https://mitchchadban.com/portrait-commissions-digital-and-print/","yes","yes","Current live page with stale GSC status","None — legacy/variant URL now 301/308-redirects to the live canonical. Authority consolidates.","Ignore/monitor","chain=308>308>200 → https://mitchchadban.com/portrait-commissions-digital-and-print/ (in sitemap). Redirect reaches canonical. impr=0.",""
"https://mitchchadban.com/SEO-for-SaaS-Startups-Mitch-Chadban","mitchchadban.com/seo-for-saas-startups-mitch-chadban","Coverage-Validation (1)","Not found (404)","2026-03-19","308","308>308>200 -> https://mitchchadban.com/seo-for-saas-startups/","https://mitchchadban.com/seo-for-saas-startups/","200","https://mitchchadban.com/seo-for-saas-startups/","yes","yes","Current live page with stale GSC status","None — legacy/variant URL now 301/308-redirects to the live canonical. Authority consolidates.","Ignore/monitor","chain=308>308>200 → https://mitchchadban.com/seo-for-saas-startups/ (in sitemap). Redirect reaches canonical. impr=0.",""
"https://mitchchadban.com/Landing","mitchchadban.com/landing","Coverage-Validation (1)","Not found (404)","2026-03-18","308","308>404 -> https://mitchchadban.com/Landing/","https://mitchchadban.com/Landing/","404","","no","no","Intentional retired URL","None — Cargo-era utility/artifact page with no current equivalent and no meaningful search value.","Ignore/monitor","chain=308>404 (404). No current equivalent. impr=0. Retired artifact.",""
"https://mitchchadban.com/About-3","mitchchadban.com/about-3","Coverage-Validation (1)","Not found (404)","2026-03-05","308","308>308>200 -> https://mitchchadban.com/about/","https://mitchchadban.com/about/","200","https://mitchchadban.com/about/","yes","yes","Current live page with stale GSC status","None — legacy/variant URL now 301/308-redirects to the live canonical. Authority consolidates.","Ignore/monitor","chain=308>308>200 → https://mitchchadban.com/about/ (in sitemap). Redirect reaches canonical. impr=0.",""
"https://mitchchadban.com/Blog-Feed","mitchchadban.com/blog-feed","Coverage-Validation (1)","Not found (404)","2026-02-21","308","308>308>200 -> https://mitchchadban.com/blogs-resources/","https://mitchchadban.com/blogs-resources/","200","https://mitchchadban.com/blogs-resources/","yes","yes","Current live page with stale GSC status","None — legacy/variant URL now 301/308-redirects to the live canonical. Authority consolidates.","Ignore/monitor","chain=308>308>200 → https://mitchchadban.com/blogs-resources/ (in sitemap). Redirect reaches canonical. impr=0.",""
"https://mitchchadban.com/Front-page","mitchchadban.com/front-page","Coverage-Validation (1)","Not found (404)","2026-01-31","308","308>308>200 -> https://mitchchadban.com/","https://mitchchadban.com/","200","https://mitchchadban.com/","yes","yes","Current live page with stale GSC status","None — legacy/variant URL now 301/308-redirects to the live canonical. Authority consolidates.","Ignore/monitor","chain=308>308>200 → https://mitchchadban.com/ (in sitemap). Redirect reaches canonical. impr=0.",""
"https://mitchchadban.com/home","mitchchadban.com/home","Coverage-Validation (1)","Not found (404)","2026-07-11","308","308>404 -> https://mitchchadban.com/home/","https://mitchchadban.com/home/","404","","no","no","Legacy URL missing a redirect","Add 301 redirect: /home → / (also add slash + non-slash source variants).","P2","chain=308>404 (404). Clear current equivalent exists (/). impr=0, pos=. No redirect rule matches this variant.","Capitalised/legacy title-case variant: no case-insensitive redirect rule; Vercel paths are case-sensitive."
"https://mitchchadban.com/services","mitchchadban.com/services","Coverage-Validation (1)","Not found (404)","2026-07-11","308","308>404 -> https://mitchchadban.com/services/","https://mitchchadban.com/services/","404","","no","no","Legacy URL missing a redirect","Add 301 redirect: /services → /services-main/ (also add slash + non-slash source variants).","P2","chain=308>404 (404). Clear current equivalent exists (/services-main/). impr=0, pos=. No redirect rule matches this variant.","Capitalised/legacy title-case variant: no case-insensitive redirect rule; Vercel paths are case-sensitive."
"https://mitchchadban.com/Karl-Jacobs","mitchchadban.com/karl-jacobs","Coverage-Validation (1)","Not found (404)","2026-07-11","308","308>404 -> https://mitchchadban.com/Karl-Jacobs/","https://mitchchadban.com/Karl-Jacobs/","404","","no","no","Legacy URL missing a redirect","Add 301 redirect: /Karl-Jacobs → /karl-jacobs/ (also add slash + non-slash source variants).","P2","chain=308>404 (404). Clear current equivalent exists (/karl-jacobs/). impr=8, pos=7.88. No redirect rule matches this variant.","Capitalised/legacy title-case variant: no case-insensitive redirect rule; Vercel paths are case-sensitive."
"https://mitchchadban.com/diseño-gráfico-para-empresas-(limpio,-premium-y-listo-para-usar)","mitchchadban.com/dise-o-gr-fico-para-empresas-limpio-premium-y-listo-para-usar","Coverage-Validation (1)","Not found (404)","2026-07-11","308","308>404 -> https://mitchchadban.com/dise%C3%B1o-gr%C3%A1fico-para-empresas-(limpio,-premium-y-listo-para-usar)/","https://mitchchadban.com/dise%C3%B1o-gr%C3%A1fico-para-empresas-(limpio,-premium-y-listo-para-usar)/","404","","no","no","Legacy URL missing a redirect","Add 301 redirect: /diseño-gráfico-para-empresas-(limpio,-premium-y-listo-para-usar) → /diseno-grafico-para-empresas/ (also add slash + non-slash source variants).","P2","chain=308>404 (404). Clear current equivalent exists (/diseno-grafico-para-empresas/). impr=0, pos=. No redirect rule matches this variant.","Capitalised/legacy title-case variant: no case-insensitive redirect rule; Vercel paths are case-sensitive."
"https://mitchchadban.com/growth-marketing-para-saas-y-startups-(estrategia- 
-ejecución)","mitchchadban.com/growth-marketing-para-saas-y-startups-estrategia-ejecuci-n","Coverage-Validation (1)","Not found (404)","2026-07-11","308","308>404 -> https://mitchchadban.com/growth-marketing-para-saas-y-startups-(estrategia-%20-ejecuci%C3%B3n)/","https://mitchchadban.com/growth-marketing-para-saas-y-startups-(estrategia-%20-ejecuci%C3%B3n)/","404","","no","no","Legacy URL missing a redirect","Add 301 redirect: /growth-marketing-para-saas-y-startups-(estrategia- -ejecución) → /growth-marketing-para-saas-y-startups/ (also add slash + non-slash source variants).","P1","chain=308>404 (404). Clear current equivalent exists (/growth-marketing-para-saas-y-startups/). impr=55, pos=22.29. No redirect rule matches this variant.","Cargo ""+""→space artifact: the %2B/encoded variant redirects, but the space (%20) variant has no rule."
"https://mitchchadban.com/Archive","mitchchadban.com/archive","Coverage-Validation (1)","Not found (404)","2026-07-11","308","308>404 -> https://mitchchadban.com/Archive/","https://mitchchadban.com/Archive/","404","","no","no","Legacy URL missing a redirect","Add 301 redirect: /Archive → /archive/ (also add slash + non-slash source variants).","P2","chain=308>404 (404). Clear current equivalent exists (/archive/). impr=10, pos=6.2. No redirect rule matches this variant.","Capitalised/legacy title-case variant: no case-insensitive redirect rule; Vercel paths are case-sensitive."
"https://mitchchadban.com/Newy-Fried-Chicken","mitchchadban.com/newy-fried-chicken","Coverage-Validation (1)","Not found (404)","2026-07-11","308","308>404 -> https://mitchchadban.com/Newy-Fried-Chicken/","https://mitchchadban.com/Newy-Fried-Chicken/","404","","no","no","Legacy URL missing a redirect","Add 301 redirect: /Newy-Fried-Chicken → /newy-fried-chicken/ (also add slash + non-slash source variants).","P2","chain=308>404 (404). Clear current equivalent exists (/newy-fried-chicken/). impr=4, pos=8.75. No redirect rule matches this variant.","Capitalised/legacy title-case variant: no case-insensitive redirect rule; Vercel paths are case-sensitive."
"https://mitchchadban.com/commercial-illustration-(digital- -print)","mitchchadban.com/commercial-illustration-digital-print","Coverage-Validation (1); Coverage-Validation (2)","Not found (404) + Page with redirect","2026-07-11","308","308>404 -> https://mitchchadban.com/commercial-illustration-(digital-%20-print)/","https://mitchchadban.com/commercial-illustration-(digital-%20-print)/","404","","no","no","Legacy URL missing a redirect","Add 301 redirect: /commercial-illustration-(digital- -print) → /commercial-illustration-digital-and-print/ (also add slash + non-slash source variants).","P2","chain=308>404 (404). Clear current equivalent exists (/commercial-illustration-digital-and-print/). impr=1, pos=8. No redirect rule matches this variant.","Cargo ""+""→space artifact: the %2B/encoded variant redirects, but the space (%20) variant has no rule."
"https://mitchchadban.com/Mobile-nav","mitchchadban.com/mobile-nav","Coverage-Validation (1)","Not found (404)","2026-07-10","308","308>404 -> https://mitchchadban.com/Mobile-nav/","https://mitchchadban.com/Mobile-nav/","404","","no","no","Intentional retired URL","None — Cargo-era utility/artifact page with no current equivalent and no meaningful search value.","Ignore/monitor","chain=308>404 (404). No current equivalent. impr=3. Retired artifact.",""
"https://mitchchadban.com/best-growth-marketing-channels-for-2026-(australia)","mitchchadban.com/best-growth-marketing-channels-for-2026-australia","Coverage-Validation (1); Coverage-Validation (2)","Not found (404) + Page with redirect","2026-07-10","308","308>308>200 -> https://mitchchadban.com/best-growth-marketing-channels-australia-2026/","https://mitchchadban.com/best-growth-marketing-channels-australia-2026/","200","https://mitchchadban.com/best-growth-marketing-channels-australia-2026/","yes","yes","Current live page with stale GSC status","None — legacy/variant URL now 301/308-redirects to the live canonical. Authority consolidates.","Ignore/monitor","chain=308>308>200 → https://mitchchadban.com/best-growth-marketing-channels-australia-2026/ (in sitemap). Redirect reaches canonical. impr=143.",""
"https://mitchchadban.com/Johnny-Bird","mitchchadban.com/johnny-bird","Coverage-Validation (1)","Not found (404)","2026-07-10","308","308>404 -> https://mitchchadban.com/Johnny-Bird/","https://mitchchadban.com/Johnny-Bird/","404","","no","no","Legacy URL missing a redirect","Add 301 redirect: /Johnny-Bird → /johnny-bird/ (also add slash + non-slash source variants).","P2","chain=308>404 (404). Clear current equivalent exists (/johnny-bird/). impr=6, pos=7.17. No redirect rule matches this variant.","Capitalised/legacy title-case variant: no case-insensitive redirect rule; Vercel paths are case-sensitive."
"https://mitchchadban.com/casa","mitchchadban.com/casa","Coverage-Validation (1)","Not found (404)","2026-07-10","308","308>404 -> https://mitchchadban.com/casa/","https://mitchchadban.com/casa/","404","","no","no","Intentional retired URL","None — Cargo-era utility/artifact page with no current equivalent and no meaningful search value.","Ignore/monitor","chain=308>404 (404). No current equivalent. impr=0. Retired artifact.",""
"https://mitchchadban.com/Paragon-BM","mitchchadban.com/paragon-bm","Coverage-Validation (1)","Not found (404)","2026-07-10","308","308>404 -> https://mitchchadban.com/Paragon-BM/","https://mitchchadban.com/Paragon-BM/","404","","no","no","Legacy URL missing a redirect","Add 301 redirect: /Paragon-BM → /paragon-bm/ (also add slash + non-slash source variants).","P2","chain=308>404 (404). Clear current equivalent exists (/paragon-bm/). impr=30, pos=6.77. No redirect rule matches this variant.","Capitalised/legacy title-case variant: no case-insensitive redirect rule; Vercel paths are case-sensitive."
"https://mitchchadban.com/consultor-seo-para-saas-en-australia-—-pensado-para-pipeline,-no-solo-para-rankings","mitchchadban.com/consultor-seo-para-saas-en-australia-pensado-para-pipeline-no-solo-para-rankings","Coverage-Validation (1)","Not found (404)","2026-07-08","308","308>404 -> https://mitchchadban.com/consultor-seo-para-saas-en-australia-%E2%80%94-pensado-para-pipeline,-no-solo-para-rankings/","https://mitchchadban.com/consultor-seo-para-saas-en-australia-%E2%80%94-pensado-para-pipeline,-no-solo-para-rankings/","404","","no","no","Intentional retired URL","None — Cargo-era utility/artifact page with no current equivalent and no meaningful search value.","Ignore/monitor","chain=308>404 (404). No current equivalent. impr=0. Retired artifact.",""
"https://mitchchadban.com/casa-menu","mitchchadban.com/casa-menu","Coverage-Validation (1)","Not found (404)","2026-07-08","308","308>404 -> https://mitchchadban.com/casa-menu/","https://mitchchadban.com/casa-menu/","404","","no","no","Intentional retired URL","None — Cargo-era utility/artifact page with no current equivalent and no meaningful search value.","Ignore/monitor","chain=308>404 (404). No current equivalent. impr=0. Retired artifact.",""
"https://mitchchadban.com/pie-de-página","mitchchadban.com/pie-de-p-gina","Coverage-Validation (1)","Not found (404)","2026-07-07","308","308>404 -> https://mitchchadban.com/pie-de-p%C3%A1gina/","https://mitchchadban.com/pie-de-p%C3%A1gina/","404","","no","no","Intentional retired URL","None — Cargo-era utility/artifact page with no current equivalent and no meaningful search value.","Ignore/monitor","chain=308>404 (404). No current equivalent. impr=0. Retired artifact.",""
"https://mitchchadban.com/Technical-SEO-Checklist-Plain-English","mitchchadban.com/technical-seo-checklist-plain-english","Coverage-Validation (1)","Not found (404)","2026-07-07","308","308>404 -> https://mitchchadban.com/Technical-SEO-Checklist-Plain-English/","https://mitchchadban.com/Technical-SEO-Checklist-Plain-English/","404","","no","no","Legacy URL missing a redirect","Add 301 redirect: /Technical-SEO-Checklist-Plain-English → /technical-seo-checklist-plain-english/ (also add slash + non-slash source variants).","P2","chain=308>404 (404). Clear current equivalent exists (/technical-seo-checklist-plain-english/). impr=2, pos=2. No redirect rule matches this variant.","Capitalised/legacy title-case variant: no case-insensitive redirect rule; Vercel paths are case-sensitive."
"https://mitchchadban.com/spanish","mitchchadban.com/spanish","Coverage-Validation (1)","Not found (404)","2026-07-06","308","308>404 -> https://mitchchadban.com/spanish/","https://mitchchadban.com/spanish/","404","","no","no","Intentional retired URL","None — Cargo-era utility/artifact page with no current equivalent and no meaningful search value.","Ignore/monitor","chain=308>404 (404). No current equivalent. impr=0. Retired artifact.",""
"https://mitchchadban.com/commercial-illustration-(digital- -print)-copy-copy","mitchchadban.com/commercial-illustration-digital-print-copy-copy","Coverage-Validation (1)","Not found (404)","2026-07-06","308","308>404 -> https://mitchchadban.com/commercial-illustration-(digital-%20-print)-copy-copy/","https://mitchchadban.com/commercial-illustration-(digital-%20-print)-copy-copy/","404","","no","no","Intentional retired URL","None — Cargo-era utility/artifact page with no current equivalent and no meaningful search value.","Ignore/monitor","chain=308>404 (404). No current equivalent. impr=0. Retired artifact.",""
"https://mitchchadban.com/Main","mitchchadban.com/main","Coverage-Validation (1)","Not found (404)","2026-07-06","308","308>404 -> https://mitchchadban.com/Main/","https://mitchchadban.com/Main/","404","","no","no","Intentional retired URL","None — Cargo-era utility/artifact page with no current equivalent and no meaningful search value.","Ignore/monitor","chain=308>404 (404). No current equivalent. impr=1. Retired artifact.",""
"http://mitchchadban.com/Main","mitchchadban.com/main","Coverage-Validation (1)","Not found (404)","2026-07-06","308","308>308>404 -> https://mitchchadban.com/Main/","https://mitchchadban.com/Main/","404","","no","no","Intentional retired URL","None — Cargo-era utility/artifact page with no current equivalent and no meaningful search value.","Ignore/monitor","chain=308>308>404 (404). No current equivalent. impr=0. Retired artifact.",""
"https://mitchchadban.com/test-1","mitchchadban.com/test-1","Coverage-Validation (1)","Not found (404)","2026-07-06","308","308>404 -> https://mitchchadban.com/test-1/","https://mitchchadban.com/test-1/","404","","no","no","Intentional retired URL","None — Cargo-era utility/artifact page with no current equivalent and no meaningful search value.","Ignore/monitor","chain=308>404 (404). No current equivalent. impr=0. Retired artifact.",""
"https://mitchchadban.com/Blogs-Resources-Page-2","mitchchadban.com/blogs-resources-page-2","Coverage-Validation (1)","Not found (404)","2026-07-05","308","308>404 -> https://mitchchadban.com/Blogs-Resources-Page-2/","https://mitchchadban.com/Blogs-Resources-Page-2/","404","","no","no","Legacy URL missing a redirect","Add 301 redirect: /Blogs-Resources-Page-2 → /blogs-resources/ (also add slash + non-slash source variants).","P2","chain=308>404 (404). Clear current equivalent exists (/blogs-resources/). impr=3, pos=2. No redirect rule matches this variant.","Capitalised/legacy title-case variant: no case-insensitive redirect rule; Vercel paths are case-sensitive."
"https://mitchchadban.com/cabeza-mobile","mitchchadban.com/cabeza-mobile","Coverage-Validation (1)","Not found (404)","2026-07-05","308","308>404 -> https://mitchchadban.com/cabeza-mobile/","https://mitchchadban.com/cabeza-mobile/","404","","no","no","Intentional retired URL","None — Cargo-era utility/artifact page with no current equivalent and no meaningful search value.","Ignore/monitor","chain=308>404 (404). No current equivalent. impr=0. Retired artifact.",""
"https://mitchchadban.com/commercial-illustration-(digital- -print)-copy","mitchchadban.com/commercial-illustration-digital-print-copy","Coverage-Validation (1)","Not found (404)","2026-07-04","308","308>404 -> https://mitchchadban.com/commercial-illustration-(digital-%20-print)-copy/","https://mitchchadban.com/commercial-illustration-(digital-%20-print)-copy/","404","","no","no","Intentional retired URL","None — Cargo-era utility/artifact page with no current equivalent and no meaningful search value.","Ignore/monitor","chain=308>404 (404). No current equivalent. impr=0. Retired artifact.",""
"https://mitchchadban.com/Services-Main","mitchchadban.com/services-main","Coverage-Validation (1)","Not found (404)","2026-07-04","308","308>404 -> https://mitchchadban.com/Services-Main/","https://mitchchadban.com/Services-Main/","404","","no","no","Legacy URL missing a redirect","Add 301 redirect: /Services-Main → /services-main/ (also add slash + non-slash source variants).","P2","chain=308>404 (404). Clear current equivalent exists (/services-main/). impr=7, pos=6.29. No redirect rule matches this variant.","Capitalised/legacy title-case variant: no case-insensitive redirect rule; Vercel paths are case-sensitive."
"https://mitchchadban.com/home-menu","mitchchadban.com/home-menu","Coverage-Validation (1)","Not found (404)","2026-07-04","308","308>404 -> https://mitchchadban.com/home-menu/","https://mitchchadban.com/home-menu/","404","","no","no","Intentional retired URL","None — Cargo-era utility/artifact page with no current equivalent and no meaningful search value.","Ignore/monitor","chain=308>404 (404). No current equivalent. impr=0. Retired artifact.",""
"https://mitchchadban.com/consultor-seo-para-saas-en-espana-—-pensado-para-pipeline,-no-solo-para-rankings","mitchchadban.com/consultor-seo-para-saas-en-espana-pensado-para-pipeline-no-solo-para-rankings","Coverage-Validation (2)","Page with redirect","2026-07-02","308","308>308>200 -> https://mitchchadban.com/consultor-seo-para-saas-en-espana/","https://mitchchadban.com/consultor-seo-para-saas-en-espana/","200","https://mitchchadban.com/consultor-seo-para-saas-en-espana/","yes","yes","Intentional redirect, correct","None — legacy/variant URL now 301/308-redirects to the live canonical. Authority consolidates.","Ignore/monitor","chain=308>308>200 → https://mitchchadban.com/consultor-seo-para-saas-en-espana/ (in sitemap). Redirect reaches canonical. impr=3.",""
"https://mitchchadban.com/consultor-seo-para-saas-en-espana-—-pensado-para-pipeline,-no-solo-para-rankings/","mitchchadban.com/consultor-seo-para-saas-en-espana-pensado-para-pipeline-no-solo-para-rankings","Coverage-Validation (2)","Page with redirect","2026-07-02","308","308>200 -> https://mitchchadban.com/consultor-seo-para-saas-en-espana/","https://mitchchadban.com/consultor-seo-para-saas-en-espana/","200","https://mitchchadban.com/consultor-seo-para-saas-en-espana/","yes","yes","Intentional redirect, correct","None — legacy/variant URL now 301/308-redirects to the live canonical. Authority consolidates.","Ignore/monitor","chain=308>200 → https://mitchchadban.com/consultor-seo-para-saas-en-espana/ (in sitemap). Redirect reaches canonical. impr=0.",""
"https://mitchchadban.com/canva-vs-designer-when-diy-starts-costing-you","mitchchadban.com/canva-vs-designer-when-diy-starts-costing-you","Coverage-Validation (2)","Page with redirect","2026-07-02","308","308>200 -> https://mitchchadban.com/canva-vs-designer-when-diy-starts-costing-you/","https://mitchchadban.com/canva-vs-designer-when-diy-starts-costing-you/","200","https://mitchchadban.com/canva-vs-designer-when-diy-starts-costing-you/","yes","yes","Intentional redirect, correct","None — legacy/variant URL now 301/308-redirects to the live canonical. Authority consolidates.","Ignore/monitor","chain=308>200 → https://mitchchadban.com/canva-vs-designer-when-diy-starts-costing-you/ (in sitemap). Redirect reaches canonical. impr=28.",""
"https://mitchchadban.com/how-to-brief-an-seo-consultant-(and-actually-get-results)/","mitchchadban.com/how-to-brief-an-seo-consultant-and-actually-get-results","Coverage-Validation (2)","Page with redirect","2026-07-02","308","308>200 -> https://mitchchadban.com/how-to-brief-an-seo-consultant/","https://mitchchadban.com/how-to-brief-an-seo-consultant/","200","https://mitchchadban.com/how-to-brief-an-seo-consultant/","yes","yes","Intentional redirect, correct","None — legacy/variant URL now 301/308-redirects to the live canonical. Authority consolidates.","Ignore/monitor","chain=308>200 → https://mitchchadban.com/how-to-brief-an-seo-consultant/ (in sitemap). Redirect reaches canonical. impr=0.",""
"https://mitchchadban.com/marketing-for-consultants-how-to-build-a-client-pipeline","mitchchadban.com/marketing-for-consultants-how-to-build-a-client-pipeline","Coverage-Validation (2)","Page with redirect","2026-07-02","308","308>200 -> https://mitchchadban.com/marketing-for-consultants-how-to-build-a-client-pipeline/","https://mitchchadban.com/marketing-for-consultants-how-to-build-a-client-pipeline/","200","https://mitchchadban.com/marketing-for-consultants-how-to-build-a-client-pipeline/","yes","yes","Intentional redirect, correct","None — legacy/variant URL now 301/308-redirects to the live canonical. Authority consolidates.","Ignore/monitor","chain=308>200 → https://mitchchadban.com/marketing-for-consultants-how-to-build-a-client-pipeline/ (in sitemap). Redirect reaches canonical. impr=0.",""
"https://mitchchadban.com/aeo-australia-how-to-show-up-in-ai-answers","mitchchadban.com/aeo-australia-how-to-show-up-in-ai-answers","Coverage-Validation (2)","Page with redirect","2026-07-02","308","308>200 -> https://mitchchadban.com/aeo-australia-how-to-show-up-in-ai-answers/","https://mitchchadban.com/aeo-australia-how-to-show-up-in-ai-answers/","200","https://mitchchadban.com/aeo-australia-how-to-show-up-in-ai-answers/","yes","yes","Intentional redirect, correct","None — legacy/variant URL now 301/308-redirects to the live canonical. Authority consolidates.","Ignore/monitor","chain=308>200 → https://mitchchadban.com/aeo-australia-how-to-show-up-in-ai-answers/ (in sitemap). Redirect reaches canonical. impr=24.",""
"https://www.mitchchadban.com/what-to-do-when-your-google-rankings-drop-suddenly","mitchchadban.com/what-to-do-when-your-google-rankings-drop-suddenly","Coverage-Validation (2)","Page with redirect","2026-07-02","301","301>308>200 -> https://mitchchadban.com/what-to-do-when-your-google-rankings-drop-suddenly/","https://mitchchadban.com/what-to-do-when-your-google-rankings-drop-suddenly/","200","https://mitchchadban.com/what-to-do-when-your-google-rankings-drop-suddenly/","yes","yes","Intentional redirect, correct","None — host/protocol canonicalisation (→ https non-www) working.","Ignore/monitor","chain=301>308>200 → https://mitchchadban.com/what-to-do-when-your-google-rankings-drop-suddenly/. Secure canonical host reached.",""
"https://mitchchadban.com/what-to-do-when-your-google-rankings-drop-suddenly","mitchchadban.com/what-to-do-when-your-google-rankings-drop-suddenly","Coverage-Validation (2)","Page with redirect","2026-07-02","308","308>200 -> https://mitchchadban.com/what-to-do-when-your-google-rankings-drop-suddenly/","https://mitchchadban.com/what-to-do-when-your-google-rankings-drop-suddenly/","200","https://mitchchadban.com/what-to-do-when-your-google-rankings-drop-suddenly/","yes","yes","Intentional redirect, correct","None — legacy/variant URL now 301/308-redirects to the live canonical. Authority consolidates.","Ignore/monitor","chain=308>200 → https://mitchchadban.com/what-to-do-when-your-google-rankings-drop-suddenly/ (in sitemap). Redirect reaches canonical. impr=0.",""
"https://mitchchadban.com/best-growth-marketing-channels-for-2026-(australia)/","mitchchadban.com/best-growth-marketing-channels-for-2026-australia","Coverage-Validation (2)","Page with redirect","2026-07-02","308","308>200 -> https://mitchchadban.com/best-growth-marketing-channels-australia-2026/","https://mitchchadban.com/best-growth-marketing-channels-australia-2026/","200","https://mitchchadban.com/best-growth-marketing-channels-australia-2026/","yes","yes","Intentional redirect, correct","None — legacy/variant URL now 301/308-redirects to the live canonical. Authority consolidates.","Ignore/monitor","chain=308>200 → https://mitchchadban.com/best-growth-marketing-channels-australia-2026/ (in sitemap). Redirect reaches canonical. impr=6.",""
"https://mitchchadban.com/johnny-bird","mitchchadban.com/johnny-bird","Coverage-Validation (2)","Page with redirect","2026-07-02","308","308>200 -> https://mitchchadban.com/johnny-bird/","https://mitchchadban.com/johnny-bird/","200","https://mitchchadban.com/johnny-bird/","yes","yes","Intentional redirect, correct","None — legacy/variant URL now 301/308-redirects to the live canonical. Authority consolidates.","Ignore/monitor","chain=308>200 → https://mitchchadban.com/johnny-bird/ (in sitemap). Redirect reaches canonical. impr=0.",""
"https://mitchchadban.com/biggs","mitchchadban.com/biggs","Coverage-Validation (2)","Page with redirect","2026-07-02","308","308>200 -> https://mitchchadban.com/biggs/","https://mitchchadban.com/biggs/","200","https://mitchchadban.com/biggs/","yes","yes","Intentional redirect, correct","None — legacy/variant URL now 301/308-redirects to the live canonical. Authority consolidates.","Ignore/monitor","chain=308>200 → https://mitchchadban.com/biggs/ (in sitemap). Redirect reaches canonical. impr=13.",""
"https://mitchchadban.com/marketing-for-engineers-how-technical-experts-win-more-clients","mitchchadban.com/marketing-for-engineers-how-technical-experts-win-more-clients","Coverage-Validation (2)","Page with redirect","2026-07-02","308","308>200 -> https://mitchchadban.com/marketing-for-engineers-how-technical-experts-win-more-clients/","https://mitchchadban.com/marketing-for-engineers-how-technical-experts-win-more-clients/","200","https://mitchchadban.com/marketing-for-engineers-how-technical-experts-win-more-clients/","yes","yes","Intentional redirect, correct","None — legacy/variant URL now 301/308-redirects to the live canonical. Authority consolidates.","Ignore/monitor","chain=308>200 → https://mitchchadban.com/marketing-for-engineers-how-technical-experts-win-more-clients/ (in sitemap). Redirect reaches canonical. impr=4.",""
"https://mitchchadban.com/branding-designer-(logos- -visual-identity)","mitchchadban.com/branding-designer-logos-visual-identity","Coverage-Validation (2)","Page with redirect","2026-07-02","308","308>404 -> https://mitchchadban.com/branding-designer-(logos-%20-visual-identity)/","https://mitchchadban.com/branding-designer-(logos-%20-visual-identity)/","404","","no","no","Legacy URL missing a redirect","Add 301 redirect: /branding-designer-(logos- -visual-identity) → /branding-designer-logos-and-visual-identity/ (also add slash + non-slash source variants).","P2","chain=308>404 (404). Clear current equivalent exists (/branding-designer-logos-and-visual-identity/). impr=7, pos=8.14. No redirect rule matches this variant.","Cargo ""+""→space artifact: the %2B/encoded variant redirects, but the space (%20) variant has no rule."
"https://mitchchadban.com/branding-designer-(logos- -visual-identity)/","mitchchadban.com/branding-designer-logos-visual-identity","Coverage-Validation (2)","Page with redirect","2026-07-02","404","404","https://mitchchadban.com/branding-designer-(logos-%20-visual-identity)/","404","","no","no","Intentional retired URL","None — Cargo-era utility/artifact page with no current equivalent and no meaningful search value.","Ignore/monitor","chain=404 (404). No current equivalent. impr=0. Retired artifact.",""
"https://mitchchadban.com/the-star-hotel","mitchchadban.com/the-star-hotel","Coverage-Validation (2)","Page with redirect","2026-07-02","308","308>200 -> https://mitchchadban.com/the-star-hotel/","https://mitchchadban.com/the-star-hotel/","200","https://mitchchadban.com/the-star-hotel/","yes","yes","Intentional redirect, correct","None — legacy/variant URL now 301/308-redirects to the live canonical. Authority consolidates.","Ignore/monitor","chain=308>200 → https://mitchchadban.com/the-star-hotel/ (in sitemap). Redirect reaches canonical. impr=0.",""
"https://www.mitchchadban.com/the-star-hotel","mitchchadban.com/the-star-hotel","Coverage-Validation (2)","Page with redirect","2026-07-02","301","301>308>200 -> https://mitchchadban.com/the-star-hotel/","https://mitchchadban.com/the-star-hotel/","200","https://mitchchadban.com/the-star-hotel/","yes","yes","Intentional redirect, correct","None — host/protocol canonicalisation (→ https non-www) working.","Ignore/monitor","chain=301>308>200 → https://mitchchadban.com/the-star-hotel/. Secure canonical host reached.",""
"https://mitchchadban.com/seo-for-saas-startups","mitchchadban.com/seo-for-saas-startups","Coverage-Validation (2)","Page with redirect","2026-07-02","308","308>200 -> https://mitchchadban.com/seo-for-saas-startups/","https://mitchchadban.com/seo-for-saas-startups/","200","https://mitchchadban.com/seo-for-saas-startups/","yes","yes","Intentional redirect, correct","None — legacy/variant URL now 301/308-redirects to the live canonical. Authority consolidates.","Ignore/monitor","chain=308>200 → https://mitchchadban.com/seo-for-saas-startups/ (in sitemap). Redirect reaches canonical. impr=0.",""
"https://mitchchadban.com/ai-seo-vs-traditional-seo-what's-changed","mitchchadban.com/ai-seo-vs-traditional-seo-what-s-changed","Coverage-Validation (2)","Page with redirect","2026-07-02","308","308>308>200 -> https://mitchchadban.com/ai-seo-vs-traditional-seo-whats-changed/","https://mitchchadban.com/ai-seo-vs-traditional-seo-whats-changed/","200","https://mitchchadban.com/ai-seo-vs-traditional-seo-whats-changed/","yes","yes","Intentional redirect, correct","None — legacy/variant URL now 301/308-redirects to the live canonical. Authority consolidates.","Ignore/monitor","chain=308>308>200 → https://mitchchadban.com/ai-seo-vs-traditional-seo-whats-changed/ (in sitemap). Redirect reaches canonical. impr=5.",""
"https://mitchchadban.com/ai-seo-vs-traditional-seo-what's-changed/","mitchchadban.com/ai-seo-vs-traditional-seo-what-s-changed","Coverage-Validation (2)","Page with redirect","2026-07-02","308","308>200 -> https://mitchchadban.com/ai-seo-vs-traditional-seo-whats-changed/","https://mitchchadban.com/ai-seo-vs-traditional-seo-whats-changed/","200","https://mitchchadban.com/ai-seo-vs-traditional-seo-whats-changed/","yes","yes","Intentional redirect, correct","None — legacy/variant URL now 301/308-redirects to the live canonical. Authority consolidates.","Ignore/monitor","chain=308>200 → https://mitchchadban.com/ai-seo-vs-traditional-seo-whats-changed/ (in sitemap). Redirect reaches canonical. impr=0.",""
"https://mitchchadban.com/growth-marketing-consultant-for-saas-startups","mitchchadban.com/growth-marketing-consultant-for-saas-startups","Coverage-Validation (2)","Page with redirect","2026-06-30","308","308>200 -> https://mitchchadban.com/growth-marketing-consultant-for-saas-startups/","https://mitchchadban.com/growth-marketing-consultant-for-saas-startups/","200","https://mitchchadban.com/growth-marketing-consultant-for-saas-startups/","yes","yes","Intentional redirect, correct","None — legacy/variant URL now 301/308-redirects to the live canonical. Authority consolidates.","Ignore/monitor","chain=308>200 → https://mitchchadban.com/growth-marketing-consultant-for-saas-startups/ (in sitemap). Redirect reaches canonical. impr=0.",""
"https://mitchchadban.com/terms-of-service","mitchchadban.com/terms-of-service","Coverage-Validation (2)","Page with redirect","2026-06-30","308","308>200 -> https://mitchchadban.com/terms-of-service/","https://mitchchadban.com/terms-of-service/","200","https://mitchchadban.com/terms-of-service/","yes","yes","Intentional redirect, correct","None — legacy/variant URL now 301/308-redirects to the live canonical. Authority consolidates.","Ignore/monitor","chain=308>200 → https://mitchchadban.com/terms-of-service/ (in sitemap). Redirect reaches canonical. impr=3.",""
"https://mitchchadban.com/diseñador-freelance-de-marcas-y-diseño-de-logotipos/","mitchchadban.com/dise-ador-freelance-de-marcas-y-dise-o-de-logotipos","Coverage-Validation (2)","Page with redirect","2026-06-30","308","308>200 -> https://mitchchadban.com/disenador-freelance-de-marcas-y-diseno-de-logotipos/","https://mitchchadban.com/disenador-freelance-de-marcas-y-diseno-de-logotipos/","200","https://mitchchadban.com/disenador-freelance-de-marcas-y-diseno-de-logotipos/","yes","yes","Intentional redirect, correct","None — legacy/variant URL now 301/308-redirects to the live canonical. Authority consolidates.","Ignore/monitor","chain=308>200 → https://mitchchadban.com/disenador-freelance-de-marcas-y-diseno-de-logotipos/ (in sitemap). Redirect reaches canonical. impr=0.",""
"https://mitchchadban.com/positioning-vs-messaging-why-your-ads-aren’t-working/","mitchchadban.com/positioning-vs-messaging-why-your-ads-aren-t-working","Coverage-Validation (2)","Page with redirect","2026-06-30","308","308>200 -> https://mitchchadban.com/positioning-vs-messaging-why-your-ads-arent-working/","https://mitchchadban.com/positioning-vs-messaging-why-your-ads-arent-working/","200","https://mitchchadban.com/positioning-vs-messaging-why-your-ads-arent-working/","yes","yes","Intentional redirect, correct","None — legacy/variant URL now 301/308-redirects to the live canonical. Authority consolidates.","Ignore/monitor","chain=308>200 → https://mitchchadban.com/positioning-vs-messaging-why-your-ads-arent-working/ (in sitemap). Redirect reaches canonical. impr=0.",""
"https://mitchchadban.com/seo-for-professional-services-in-australia-what’s-different-about-ranking-when-you-sell-expertise/","mitchchadban.com/seo-for-professional-services-in-australia-what-s-different-about-ranking-when-you-sell-expertise","Coverage-Validation (2)","Page with redirect","2026-06-30","308","308>200 -> https://mitchchadban.com/seo-for-professional-services-in-australia-whats-different-about-ranking-when-you-sell-expertise/","https://mitchchadban.com/seo-for-professional-services-in-australia-whats-different-about-ranking-when-you-sell-expertise/","200","https://mitchchadban.com/seo-for-professional-services-in-australia-whats-different-about-ranking-when-you-sell-expertise/","yes","yes","Intentional redirect, correct","None — legacy/variant URL now 301/308-redirects to the live canonical. Authority consolidates.","Ignore/monitor","chain=308>200 → https://mitchchadban.com/seo-for-professional-services-in-australia-whats-different-about-ranking-when-you-sell-expertise/ (in sitemap). Redirect reaches canonical. impr=0.",""
"http://mitchchadban.com/","mitchchadban.com/","Coverage-Validation (2)","Page with redirect","2026-06-29","308","308>200 -> https://mitchchadban.com/","https://mitchchadban.com/","200","https://mitchchadban.com/","yes","yes","Intentional redirect, correct","None — host/protocol canonicalisation (→ https non-www) working.","Ignore/monitor","chain=308>200 → https://mitchchadban.com/. Secure canonical host reached.",""
"https://mitchchadban.com/best-demand-gen-content-for-2026","mitchchadban.com/best-demand-gen-content-for-2026","Coverage-Validation (2)","Page with redirect","2026-06-29","308","308>200 -> https://mitchchadban.com/best-demand-gen-content-for-2026/","https://mitchchadban.com/best-demand-gen-content-for-2026/","200","https://mitchchadban.com/best-demand-gen-content-for-2026/","yes","yes","Intentional redirect, correct","None — legacy/variant URL now 301/308-redirects to the live canonical. Authority consolidates.","Ignore/monitor","chain=308>200 → https://mitchchadban.com/best-demand-gen-content-for-2026/ (in sitemap). Redirect reaches canonical. impr=36.",""
"https://mitchchadban.com/precios-y-paquetes","mitchchadban.com/precios-y-paquetes","Coverage-Validation (2)","Page with redirect","2026-06-29","308","308>200 -> https://mitchchadban.com/precios-y-paquetes/","https://mitchchadban.com/precios-y-paquetes/","200","https://mitchchadban.com/precios-y-paquetes/","yes","yes","Intentional redirect, correct","None — legacy/variant URL now 301/308-redirects to the live canonical. Authority consolidates.","Ignore/monitor","chain=308>200 → https://mitchchadban.com/precios-y-paquetes/ (in sitemap). Redirect reaches canonical. impr=0.",""
"https://mitchchadban.com/newy-fried-chicken","mitchchadban.com/newy-fried-chicken","Coverage-Validation (2)","Page with redirect","2026-06-29","308","308>200 -> https://mitchchadban.com/newy-fried-chicken/","https://mitchchadban.com/newy-fried-chicken/","200","https://mitchchadban.com/newy-fried-chicken/","yes","yes","Intentional redirect, correct","None — legacy/variant URL now 301/308-redirects to the live canonical. Authority consolidates.","Ignore/monitor","chain=308>200 → https://mitchchadban.com/newy-fried-chicken/ (in sitemap). Redirect reaches canonical. impr=0.",""
"https://mitchchadban.com/various-posters","mitchchadban.com/various-posters","Coverage-Validation (2)","Page with redirect","2026-06-29","308","308>200 -> https://mitchchadban.com/various-posters/","https://mitchchadban.com/various-posters/","200","https://mitchchadban.com/various-posters/","yes","yes","Intentional redirect, correct","None — legacy/variant URL now 301/308-redirects to the live canonical. Authority consolidates.","Ignore/monitor","chain=308>200 → https://mitchchadban.com/various-posters/ (in sitemap). Redirect reaches canonical. impr=0.",""
"https://mitchchadban.com/Canva-vs-Designer-When-DIY-Starts-Costing-You","mitchchadban.com/canva-vs-designer-when-diy-starts-costing-you","Coverage-Validation (2)","Page with redirect","2026-06-28","308","308>308>200 -> https://mitchchadban.com/canva-vs-designer-when-diy-starts-costing-you/","https://mitchchadban.com/canva-vs-designer-when-diy-starts-costing-you/","200","https://mitchchadban.com/canva-vs-designer-when-diy-starts-costing-you/","yes","yes","Intentional redirect, correct","None — legacy/variant URL now 301/308-redirects to the live canonical. Authority consolidates.","Ignore/monitor","chain=308>308>200 → https://mitchchadban.com/canva-vs-designer-when-diy-starts-costing-you/ (in sitemap). Redirect reaches canonical. impr=18.",""
"https://mitchchadban.com/Canva-vs-Designer-When-DIY-Starts-Costing-You/","mitchchadban.com/canva-vs-designer-when-diy-starts-costing-you","Coverage-Validation (2)","Page with redirect","2026-06-28","308","308>200 -> https://mitchchadban.com/canva-vs-designer-when-diy-starts-costing-you/","https://mitchchadban.com/canva-vs-designer-when-diy-starts-costing-you/","200","https://mitchchadban.com/canva-vs-designer-when-diy-starts-costing-you/","yes","yes","Intentional redirect, correct","None — legacy/variant URL now 301/308-redirects to the live canonical. Authority consolidates.","Ignore/monitor","chain=308>200 → https://mitchchadban.com/canva-vs-designer-when-diy-starts-costing-you/ (in sitemap). Redirect reaches canonical. impr=0.",""
"https://mitchchadban.com/pinos-restaurant","mitchchadban.com/pinos-restaurant","Coverage-Validation (2)","Page with redirect","2026-06-28","308","308>200 -> https://mitchchadban.com/pinos-restaurant/","https://mitchchadban.com/pinos-restaurant/","200","https://mitchchadban.com/pinos-restaurant/","yes","yes","Intentional redirect, correct","None — legacy/variant URL now 301/308-redirects to the live canonical. Authority consolidates.","Ignore/monitor","chain=308>200 → https://mitchchadban.com/pinos-restaurant/ (in sitemap). Redirect reaches canonical. impr=0.",""
"https://mitchchadban.com/portrait-commissions-(digital- -print)","mitchchadban.com/portrait-commissions-digital-print","Coverage-Validation (2)","Page with redirect","2026-06-28","308","308>404 -> https://mitchchadban.com/portrait-commissions-(digital-%20-print)/","https://mitchchadban.com/portrait-commissions-(digital-%20-print)/","404","","no","no","Legacy URL missing a redirect","Add 301 redirect: /portrait-commissions-(digital- -print) → /portrait-commissions-digital-and-print/ (also add slash + non-slash source variants).","P2","chain=308>404 (404). Clear current equivalent exists (/portrait-commissions-digital-and-print/). impr=0, pos=. No redirect rule matches this variant.","Cargo ""+""→space artifact: the %2B/encoded variant redirects, but the space (%20) variant has no rule."
"https://mitchchadban.com/portrait-commissions-(digital- -print)/","mitchchadban.com/portrait-commissions-digital-print","Coverage-Validation (2)","Page with redirect","2026-06-28","404","404","https://mitchchadban.com/portrait-commissions-(digital-%20-print)/","404","","no","no","Intentional retired URL","None — Cargo-era utility/artifact page with no current equivalent and no meaningful search value.","Ignore/monitor","chain=404 (404). No current equivalent. impr=0. Retired artifact.",""
"https://mitchchadban.com/the-difference-between-mentions,-citations-and-rankings/","mitchchadban.com/the-difference-between-mentions-citations-and-rankings","Coverage-Validation (2)","Page with redirect","2026-06-28","308","308>200 -> https://mitchchadban.com/the-difference-between-mentions-citations-and-rankings/","https://mitchchadban.com/the-difference-between-mentions-citations-and-rankings/","200","https://mitchchadban.com/the-difference-between-mentions-citations-and-rankings/","yes","yes","Intentional redirect, correct","None — legacy/variant URL now 301/308-redirects to the live canonical. Authority consolidates.","Ignore/monitor","chain=308>200 → https://mitchchadban.com/the-difference-between-mentions-citations-and-rankings/ (in sitemap). Redirect reaches canonical. impr=0.",""
"https://mitchchadban.com/ai-citation-tracking-for-small-businesses-how-to-measure-ai-search-visibility","mitchchadban.com/ai-citation-tracking-for-small-businesses-how-to-measure-ai-search-visibility","Coverage-Validation (2)","Page with redirect","2026-06-28","308","308>200 -> https://mitchchadban.com/ai-citation-tracking-for-small-businesses-how-to-measure-ai-search-visibility/","https://mitchchadban.com/ai-citation-tracking-for-small-businesses-how-to-measure-ai-search-visibility/","200","https://mitchchadban.com/ai-citation-tracking-for-small-businesses-how-to-measure-ai-search-visibility/","yes","yes","Intentional redirect, correct","None — legacy/variant URL now 301/308-redirects to the live canonical. Authority consolidates.","Ignore/monitor","chain=308>200 → https://mitchchadban.com/ai-citation-tracking-for-small-businesses-how-to-measure-ai-search-visibility/ (in sitemap). Redirect reaches canonical. impr=0.",""
"https://mitchchadban.com/graphic-designer-for-modern-brands","mitchchadban.com/graphic-designer-for-modern-brands","Coverage-Validation (2)","Page with redirect","2026-06-28","308","308>200 -> https://mitchchadban.com/graphic-designer-for-modern-brands/","https://mitchchadban.com/graphic-designer-for-modern-brands/","200","https://mitchchadban.com/graphic-designer-for-modern-brands/","yes","yes","Intentional redirect, correct","None — legacy/variant URL now 301/308-redirects to the live canonical. Authority consolidates.","Ignore/monitor","chain=308>200 → https://mitchchadban.com/graphic-designer-for-modern-brands/ (in sitemap). Redirect reaches canonical. impr=0.",""
"https://mitchchadban.com/the-complete-ai-search-strategy-guide-(2026)/","mitchchadban.com/the-complete-ai-search-strategy-guide-2026","Coverage-Validation (2)","Page with redirect","2026-06-28","308","308>200 -> https://mitchchadban.com/the-complete-ai-search-strategy-guide-2026/","https://mitchchadban.com/the-complete-ai-search-strategy-guide-2026/","200","https://mitchchadban.com/the-complete-ai-search-strategy-guide-2026/","yes","yes","Intentional redirect, correct","None — legacy/variant URL now 301/308-redirects to the live canonical. Authority consolidates.","Ignore/monitor","chain=308>200 → https://mitchchadban.com/the-complete-ai-search-strategy-guide-2026/ (in sitemap). Redirect reaches canonical. impr=0.",""
"https://mitchchadban.com/growth-marketing-strategy-for-saas","mitchchadban.com/growth-marketing-strategy-for-saas","Coverage-Validation (2)","Page with redirect","2026-06-28","308","308>200 -> https://mitchchadban.com/growth-marketing-strategy-for-saas/","https://mitchchadban.com/growth-marketing-strategy-for-saas/","200","https://mitchchadban.com/growth-marketing-strategy-for-saas/","yes","yes","Intentional redirect, correct","None — legacy/variant URL now 301/308-redirects to the live canonical. Authority consolidates.","Ignore/monitor","chain=308>200 → https://mitchchadban.com/growth-marketing-strategy-for-saas/ (in sitemap). Redirect reaches canonical. impr=7.",""
"https://mitchchadban.com/From-Traffic-to-Demos-A-Practical-Funnel-for-B2B-SaaS","mitchchadban.com/from-traffic-to-demos-a-practical-funnel-for-b2b-saas","Coverage-Validation (2)","Page with redirect","2026-06-28","308","308>308>200 -> https://mitchchadban.com/from-traffic-to-demos-a-practical-funnel-for-b2b-saas/","https://mitchchadban.com/from-traffic-to-demos-a-practical-funnel-for-b2b-saas/","200","https://mitchchadban.com/from-traffic-to-demos-a-practical-funnel-for-b2b-saas/","yes","yes","Intentional redirect, correct","None — legacy/variant URL now 301/308-redirects to the live canonical. Authority consolidates.","Ignore/monitor","chain=308>308>200 → https://mitchchadban.com/from-traffic-to-demos-a-practical-funnel-for-b2b-saas/ (in sitemap). Redirect reaches canonical. impr=20.",""
"https://mitchchadban.com/From-Traffic-to-Demos-A-Practical-Funnel-for-B2B-SaaS/","mitchchadban.com/from-traffic-to-demos-a-practical-funnel-for-b2b-saas","Coverage-Validation (2)","Page with redirect","2026-06-28","308","308>200 -> https://mitchchadban.com/from-traffic-to-demos-a-practical-funnel-for-b2b-saas/","https://mitchchadban.com/from-traffic-to-demos-a-practical-funnel-for-b2b-saas/","200","https://mitchchadban.com/from-traffic-to-demos-a-practical-funnel-for-b2b-saas/","yes","yes","Intentional redirect, correct","None — legacy/variant URL now 301/308-redirects to the live canonical. Authority consolidates.","Ignore/monitor","chain=308>200 → https://mitchchadban.com/from-traffic-to-demos-a-practical-funnel-for-b2b-saas/ (in sitemap). Redirect reaches canonical. impr=0.",""
"https://www.mitchchadban.com/contact-form","mitchchadban.com/contact-form","Coverage-Validation (2)","Page with redirect","2026-06-09","301","301>308>200 -> https://mitchchadban.com/contact-form/","https://mitchchadban.com/contact-form/","200","https://mitchchadban.com/contact-form/","yes","yes","Intentional redirect, correct","None — host/protocol canonicalisation (→ https non-www) working.","Ignore/monitor","chain=301>308>200 → https://mitchchadban.com/contact-form/. Secure canonical host reached.",""
"https://mitchchadban.com/marketing-for-financial-advisers-how-to-attract-more-clients","mitchchadban.com/marketing-for-financial-advisers-how-to-attract-more-clients","Coverage-Validation (2)","Page with redirect","2026-07-08","308","308>200 -> https://mitchchadban.com/marketing-for-financial-advisers-how-to-attract-more-clients/","https://mitchchadban.com/marketing-for-financial-advisers-how-to-attract-more-clients/","200","https://mitchchadban.com/marketing-for-financial-advisers-how-to-attract-more-clients/","yes","yes","Intentional redirect, correct","None — legacy/variant URL now 301/308-redirects to the live canonical. Authority consolidates.","Ignore/monitor","chain=308>200 → https://mitchchadban.com/marketing-for-financial-advisers-how-to-attract-more-clients/ (in sitemap). Redirect reaches canonical. impr=0.",""
"https://mitchchadban.com/why-you’re-stuck-on-page-2-the-5-seo-problems-keeping-good-pages-off-page-1/","mitchchadban.com/why-you-re-stuck-on-page-2-the-5-seo-problems-keeping-good-pages-off-page-1","Coverage-Validation (2)","Page with redirect","2026-07-06","308","308>200 -> https://mitchchadban.com/why-youre-stuck-on-page-2-the-5-seo-problems-keeping-good-pages-off-page-1/","https://mitchchadban.com/why-youre-stuck-on-page-2-the-5-seo-problems-keeping-good-pages-off-page-1/","200","https://mitchchadban.com/why-youre-stuck-on-page-2-the-5-seo-problems-keeping-good-pages-off-page-1/","yes","yes","Intentional redirect, correct","None — legacy/variant URL now 301/308-redirects to the live canonical. Authority consolidates.","Ignore/monitor","chain=308>200 → https://mitchchadban.com/why-youre-stuck-on-page-2-the-5-seo-problems-keeping-good-pages-off-page-1/ (in sitemap). Redirect reaches canonical. impr=5.",""
"https://mitchchadban.com/why-you’re-stuck-on-page-2-the-5-seo-problems-keeping-good-pages-off-page-1","mitchchadban.com/why-you-re-stuck-on-page-2-the-5-seo-problems-keeping-good-pages-off-page-1","Coverage-Validation (2)","Page with redirect","2026-07-06","308","308>308>200 -> https://mitchchadban.com/why-youre-stuck-on-page-2-the-5-seo-problems-keeping-good-pages-off-page-1/","https://mitchchadban.com/why-youre-stuck-on-page-2-the-5-seo-problems-keeping-good-pages-off-page-1/","200","https://mitchchadban.com/why-youre-stuck-on-page-2-the-5-seo-problems-keeping-good-pages-off-page-1/","yes","yes","Intentional redirect, correct","None — legacy/variant URL now 301/308-redirects to the live canonical. Authority consolidates.","Ignore/monitor","chain=308>308>200 → https://mitchchadban.com/why-youre-stuck-on-page-2-the-5-seo-problems-keeping-good-pages-off-page-1/ (in sitemap). Redirect reaches canonical. impr=0.",""
"https://mitchchadban.com/política-de-privacidad-1","mitchchadban.com/pol-tica-de-privacidad-1","Coverage-Validation (2)","Page with redirect","2026-07-05","308","308>308>200 -> https://mitchchadban.com/politica-de-privacidad/","https://mitchchadban.com/politica-de-privacidad/","200","https://mitchchadban.com/politica-de-privacidad/","yes","yes","Intentional redirect, correct","None — legacy/variant URL now 301/308-redirects to the live canonical. Authority consolidates.","Ignore/monitor","chain=308>308>200 → https://mitchchadban.com/politica-de-privacidad/ (in sitemap). Redirect reaches canonical. impr=0.",""
"https://mitchchadban.com/política-de-privacidad-1/","mitchchadban.com/pol-tica-de-privacidad-1","Coverage-Validation (2)","Page with redirect","2026-07-05","308","308>200 -> https://mitchchadban.com/politica-de-privacidad/","https://mitchchadban.com/politica-de-privacidad/","200","https://mitchchadban.com/politica-de-privacidad/","yes","yes","Intentional redirect, correct","None — legacy/variant URL now 301/308-redirects to the live canonical. Authority consolidates.","Ignore/monitor","chain=308>200 → https://mitchchadban.com/politica-de-privacidad/ (in sitemap). Redirect reaches canonical. impr=0.",""
"https://mitchchadban.com/the-seo-audit-checklist-australian-businesses-actually-need","mitchchadban.com/the-seo-audit-checklist-australian-businesses-actually-need","Coverage-Validation (2)","Page with redirect","2026-07-05","308","308>200 -> https://mitchchadban.com/the-seo-audit-checklist-australian-businesses-actually-need/","https://mitchchadban.com/the-seo-audit-checklist-australian-businesses-actually-need/","200","https://mitchchadban.com/the-seo-audit-checklist-australian-businesses-actually-need/","yes","yes","Intentional redirect, correct","None — legacy/variant URL now 301/308-redirects to the live canonical. Authority consolidates.","Ignore/monitor","chain=308>200 → https://mitchchadban.com/the-seo-audit-checklist-australian-businesses-actually-need/ (in sitemap). Redirect reaches canonical. impr=0.",""
"https://mitchchadban.com/tribal-habits","mitchchadban.com/tribal-habits","Coverage-Validation (2)","Page with redirect","2026-07-05","308","308>200 -> https://mitchchadban.com/tribal-habits/","https://mitchchadban.com/tribal-habits/","200","https://mitchchadban.com/tribal-habits/","yes","yes","Intentional redirect, correct","None — legacy/variant URL now 301/308-redirects to the live canonical. Authority consolidates.","Ignore/monitor","chain=308>200 → https://mitchchadban.com/tribal-habits/ (in sitemap). Redirect reaches canonical. impr=0.",""
"https://mitchchadban.com/archive","mitchchadban.com/archive","Coverage-Validation (2)","Page with redirect","2026-07-04","308","308>200 -> https://mitchchadban.com/archive/","https://mitchchadban.com/archive/","200","https://mitchchadban.com/archive/","yes","yes","Intentional redirect, correct","None — legacy/variant URL now 301/308-redirects to the live canonical. Authority consolidates.","Ignore/monitor","chain=308>200 → https://mitchchadban.com/archive/ (in sitemap). Redirect reaches canonical. impr=8.",""
"https://mitchchadban.com/marketing-for-it-service-providers-how-to-generate-more-qualified-leads","mitchchadban.com/marketing-for-it-service-providers-how-to-generate-more-qualified-leads","Coverage-Validation (2)","Page with redirect","2026-07-04","308","308>200 -> https://mitchchadban.com/marketing-for-it-service-providers-how-to-generate-more-qualified-leads/","https://mitchchadban.com/marketing-for-it-service-providers-how-to-generate-more-qualified-leads/","200","https://mitchchadban.com/marketing-for-it-service-providers-how-to-generate-more-qualified-leads/","yes","yes","Intentional redirect, correct","None — legacy/variant URL now 301/308-redirects to the live canonical. Authority consolidates.","Ignore/monitor","chain=308>200 → https://mitchchadban.com/marketing-for-it-service-providers-how-to-generate-more-qualified-leads/ (in sitemap). Redirect reaches canonical. impr=0.",""
"https://mitchchadban.com/how-long-does-seo-take-an-honest-answer-for-australian-businesses","mitchchadban.com/how-long-does-seo-take-an-honest-answer-for-australian-businesses","Coverage-Validation (2)","Page with redirect","2026-07-04","308","308>200 -> https://mitchchadban.com/how-long-does-seo-take-an-honest-answer-for-australian-businesses/","https://mitchchadban.com/how-long-does-seo-take-an-honest-answer-for-australian-businesses/","200","https://mitchchadban.com/how-long-does-seo-take-an-honest-answer-for-australian-businesses/","yes","yes","Intentional redirect, correct","None — legacy/variant URL now 301/308-redirects to the live canonical. Authority consolidates.","Ignore/monitor","chain=308>200 → https://mitchchadban.com/how-long-does-seo-take-an-honest-answer-for-australian-businesses/ (in sitemap). Redirect reaches canonical. impr=0.",""
"https://mitchchadban.com/portfolio","mitchchadban.com/portfolio","Coverage-Validation (2)","Page with redirect","2026-07-04","308","308>308>200 -> https://mitchchadban.com/portfolio-1/","https://mitchchadban.com/portfolio-1/","200","https://mitchchadban.com/portfolio-1/","yes","yes","Intentional redirect, correct","None — legacy/variant URL now 301/308-redirects to the live canonical. Authority consolidates.","Ignore/monitor","chain=308>308>200 → https://mitchchadban.com/portfolio-1/ (in sitemap). Redirect reaches canonical. impr=0.",""
"https://mitchchadban.com/portfolio/","mitchchadban.com/portfolio","Coverage-Validation (2)","Page with redirect","2026-07-04","308","308>200 -> https://mitchchadban.com/portfolio-1/","https://mitchchadban.com/portfolio-1/","200","https://mitchchadban.com/portfolio-1/","yes","yes","Intentional redirect, correct","None — legacy/variant URL now 301/308-redirects to the live canonical. Authority consolidates.","Ignore/monitor","chain=308>200 → https://mitchchadban.com/portfolio-1/ (in sitemap). Redirect reaches canonical. impr=0.",""
"https://mitchchadban.com/Homepage","mitchchadban.com/homepage","Coverage-Validation (2)","Page with redirect","2026-07-04","308","308>308>200 -> https://mitchchadban.com/","https://mitchchadban.com/","200","https://mitchchadban.com/","yes","yes","Intentional redirect, correct","None — legacy/variant URL now 301/308-redirects to the live canonical. Authority consolidates.","Ignore/monitor","chain=308>308>200 → https://mitchchadban.com/ (in sitemap). Redirect reaches canonical. impr=0.",""
"https://mitchchadban.com/Homepage/","mitchchadban.com/homepage","Coverage-Validation (2)","Page with redirect","2026-07-04","308","308>200 -> https://mitchchadban.com/","https://mitchchadban.com/","200","https://mitchchadban.com/","yes","yes","Intentional redirect, correct","None — legacy/variant URL now 301/308-redirects to the live canonical. Authority consolidates.","Ignore/monitor","chain=308>200 → https://mitchchadban.com/ (in sitemap). Redirect reaches canonical. impr=0.",""
"https://mitchchadban.com/the-12-point-brand-consistency-checklist","mitchchadban.com/the-12-point-brand-consistency-checklist","Coverage-Validation (2)","Page with redirect","2026-07-04","308","308>200 -> https://mitchchadban.com/the-12-point-brand-consistency-checklist/","https://mitchchadban.com/the-12-point-brand-consistency-checklist/","200","https://mitchchadban.com/the-12-point-brand-consistency-checklist/","yes","yes","Intentional redirect, correct","None — legacy/variant URL now 301/308-redirects to the live canonical. Authority consolidates.","Ignore/monitor","chain=308>200 → https://mitchchadban.com/the-12-point-brand-consistency-checklist/ (in sitemap). Redirect reaches canonical. impr=0.",""
"https://mitchchadban.com/the-marketing-collateral-checklist-what-you-need!/","mitchchadban.com/the-marketing-collateral-checklist-what-you-need","Coverage-Validation (2)","Page with redirect","2026-07-04","308","308>200 -> https://mitchchadban.com/the-marketing-collateral-checklist-what-you-need/","https://mitchchadban.com/the-marketing-collateral-checklist-what-you-need/","200","https://mitchchadban.com/the-marketing-collateral-checklist-what-you-need/","yes","yes","Intentional redirect, correct","None — legacy/variant URL now 301/308-redirects to the live canonical. Authority consolidates.","Ignore/monitor","chain=308>200 → https://mitchchadban.com/the-marketing-collateral-checklist-what-you-need/ (in sitemap). Redirect reaches canonical. impr=2.",""
"https://mitchchadban.com/servicios-de-diseño,-seo-y-marketing-en-españa","mitchchadban.com/servicios-de-dise-o-seo-y-marketing-en-espa-a","Coverage-Validation (2)","Page with redirect","2026-07-04","308","308>308>200 -> https://mitchchadban.com/servicios-de-diseno-seo-y-marketing-en-espana/","https://mitchchadban.com/servicios-de-diseno-seo-y-marketing-en-espana/","200","https://mitchchadban.com/servicios-de-diseno-seo-y-marketing-en-espana/","yes","yes","Intentional redirect, correct","None — legacy/variant URL now 301/308-redirects to the live canonical. Authority consolidates.","Ignore/monitor","chain=308>308>200 → https://mitchchadban.com/servicios-de-diseno-seo-y-marketing-en-espana/ (in sitemap). Redirect reaches canonical. impr=0.",""
"https://mitchchadban.com/servicios-de-diseño,-seo-y-marketing-en-españa/","mitchchadban.com/servicios-de-dise-o-seo-y-marketing-en-espa-a","Coverage-Validation (2)","Page with redirect","2026-07-04","308","308>200 -> https://mitchchadban.com/servicios-de-diseno-seo-y-marketing-en-espana/","https://mitchchadban.com/servicios-de-diseno-seo-y-marketing-en-espana/","200","https://mitchchadban.com/servicios-de-diseno-seo-y-marketing-en-espana/","yes","yes","Intentional redirect, correct","None — legacy/variant URL now 301/308-redirects to the live canonical. Authority consolidates.","Ignore/monitor","chain=308>200 → https://mitchchadban.com/servicios-de-diseno-seo-y-marketing-en-espana/ (in sitemap). Redirect reaches canonical. impr=0.",""
"https://mitchchadban.com/how-perplexity-chooses-sources-(and-how-to-get-cited-more-often)","mitchchadban.com/how-perplexity-chooses-sources-and-how-to-get-cited-more-often","Coverage-Validation (2)","Page with redirect","2026-07-03","308","308>308>200 -> https://mitchchadban.com/how-perplexity-chooses-sources/","https://mitchchadban.com/how-perplexity-chooses-sources/","200","https://mitchchadban.com/how-perplexity-chooses-sources/","yes","yes","Intentional redirect, correct","None — legacy/variant URL now 301/308-redirects to the live canonical. Authority consolidates.","Ignore/monitor","chain=308>308>200 → https://mitchchadban.com/how-perplexity-chooses-sources/ (in sitemap). Redirect reaches canonical. impr=0.",""
"https://mitchchadban.com/how-perplexity-chooses-sources-(and-how-to-get-cited-more-often)/","mitchchadban.com/how-perplexity-chooses-sources-and-how-to-get-cited-more-often","Coverage-Validation (2)","Page with redirect","2026-07-03","308","308>200 -> https://mitchchadban.com/how-perplexity-chooses-sources/","https://mitchchadban.com/how-perplexity-chooses-sources/","200","https://mitchchadban.com/how-perplexity-chooses-sources/","yes","yes","Intentional redirect, correct","None — legacy/variant URL now 301/308-redirects to the live canonical. Authority consolidates.","Ignore/monitor","chain=308>200 → https://mitchchadban.com/how-perplexity-chooses-sources/ (in sitemap). Redirect reaches canonical. impr=117.",""
"https://mitchchadban.com/términos-de-servicio","mitchchadban.com/t-rminos-de-servicio","Coverage-Validation (2)","Page with redirect","2026-07-03","308","308>308>200 -> https://mitchchadban.com/terminos-de-servicio/","https://mitchchadban.com/terminos-de-servicio/","200","https://mitchchadban.com/terminos-de-servicio/","yes","yes","Intentional redirect, correct","None — legacy/variant URL now 301/308-redirects to the live canonical. Authority consolidates.","Ignore/monitor","chain=308>308>200 → https://mitchchadban.com/terminos-de-servicio/ (in sitemap). Redirect reaches canonical. impr=0.",""
"https://mitchchadban.com/términos-de-servicio/","mitchchadban.com/t-rminos-de-servicio","Coverage-Validation (2)","Page with redirect","2026-07-03","308","308>200 -> https://mitchchadban.com/terminos-de-servicio/","https://mitchchadban.com/terminos-de-servicio/","200","https://mitchchadban.com/terminos-de-servicio/","yes","yes","Intentional redirect, correct","None — legacy/variant URL now 301/308-redirects to the live canonical. Authority consolidates.","Ignore/monitor","chain=308>200 → https://mitchchadban.com/terminos-de-servicio/ (in sitemap). Redirect reaches canonical. impr=0.",""
"https://mitchchadban.com/social-media-design-that-doesn’t-look-like-everyone-else","mitchchadban.com/social-media-design-that-doesn-t-look-like-everyone-else","Coverage-Validation (2)","Page with redirect","2026-07-03","308","308>308>200 -> https://mitchchadban.com/social-media-design-that-doesnt-look-like-everyone-else/","https://mitchchadban.com/social-media-design-that-doesnt-look-like-everyone-else/","200","https://mitchchadban.com/social-media-design-that-doesnt-look-like-everyone-else/","yes","yes","Intentional redirect, correct","None — legacy/variant URL now 301/308-redirects to the live canonical. Authority consolidates.","Ignore/monitor","chain=308>308>200 → https://mitchchadban.com/social-media-design-that-doesnt-look-like-everyone-else/ (in sitemap). Redirect reaches canonical. impr=0.",""
"https://mitchchadban.com/social-media-design-that-doesn’t-look-like-everyone-else/","mitchchadban.com/social-media-design-that-doesn-t-look-like-everyone-else","Coverage-Validation (2)","Page with redirect","2026-07-03","308","308>200 -> https://mitchchadban.com/social-media-design-that-doesnt-look-like-everyone-else/","https://mitchchadban.com/social-media-design-that-doesnt-look-like-everyone-else/","200","https://mitchchadban.com/social-media-design-that-doesnt-look-like-everyone-else/","yes","yes","Intentional redirect, correct","None — legacy/variant URL now 301/308-redirects to the live canonical. Authority consolidates.","Ignore/monitor","chain=308>200 → https://mitchchadban.com/social-media-design-that-doesnt-look-like-everyone-else/ (in sitemap). Redirect reaches canonical. impr=0.",""
"https://www.mitchchadban.com/","mitchchadban.com/","Coverage-Validation (2)","Page with redirect","2026-07-03","301","301>200 -> https://mitchchadban.com/","https://mitchchadban.com/","200","https://mitchchadban.com/","yes","yes","Intentional redirect, correct","None — host/protocol canonicalisation (→ https non-www) working.","Ignore/monitor","chain=301>200 → https://mitchchadban.com/. Secure canonical host reached.",""
"http://www.mitchchadban.com/","mitchchadban.com/","Coverage-Validation (2)","Page with redirect","2026-07-03","308","308>301>200 -> https://mitchchadban.com/","https://mitchchadban.com/","200","https://mitchchadban.com/","yes","yes","Intentional redirect, correct","None — host/protocol canonicalisation (→ https non-www) working.","Ignore/monitor","chain=308>301>200 → https://mitchchadban.com/. Secure canonical host reached.",""
"https://mitchchadban.com/custom-pet-portraits-(digital- -print)","mitchchadban.com/custom-pet-portraits-digital-print","Coverage-Validation (2)","Page with redirect","2026-07-03","308","308>404 -> https://mitchchadban.com/custom-pet-portraits-(digital-%20-print)/","https://mitchchadban.com/custom-pet-portraits-(digital-%20-print)/","404","","no","no","Legacy URL missing a redirect","Add 301 redirect: /custom-pet-portraits-(digital- -print) → /custom-pet-portraits-digital-and-print/ (also add slash + non-slash source variants).","P2","chain=308>404 (404). Clear current equivalent exists (/custom-pet-portraits-digital-and-print/). impr=0, pos=. No redirect rule matches this variant.","Cargo ""+""→space artifact: the %2B/encoded variant redirects, but the space (%20) variant has no rule."
"https://mitchchadban.com/custom-pet-portraits-(digital- -print)/","mitchchadban.com/custom-pet-portraits-digital-print","Coverage-Validation (2)","Page with redirect","2026-07-03","404","404","https://mitchchadban.com/custom-pet-portraits-(digital-%20-print)/","404","","no","no","Intentional retired URL","None — Cargo-era utility/artifact page with no current equivalent and no meaningful search value.","Ignore/monitor","chain=404 (404). No current equivalent. impr=1. Retired artifact.",""
"https://mitchchadban.com/from-traffic-to-demos-a-practical-funnel-for-b2b-saas","mitchchadban.com/from-traffic-to-demos-a-practical-funnel-for-b2b-saas","Coverage-Validation (2)","Page with redirect","2026-07-03","308","308>200 -> https://mitchchadban.com/from-traffic-to-demos-a-practical-funnel-for-b2b-saas/","https://mitchchadban.com/from-traffic-to-demos-a-practical-funnel-for-b2b-saas/","200","https://mitchchadban.com/from-traffic-to-demos-a-practical-funnel-for-b2b-saas/","yes","yes","Intentional redirect, correct","None — legacy/variant URL now 301/308-redirects to the live canonical. Authority consolidates.","Ignore/monitor","chain=308>200 → https://mitchchadban.com/from-traffic-to-demos-a-practical-funnel-for-b2b-saas/ (in sitemap). Redirect reaches canonical. impr=85.",""
"https://mitchchadban.com/Growth-Marketing-Consultant-for-SaaS-Startups","mitchchadban.com/growth-marketing-consultant-for-saas-startups","Coverage-Validation (2)","Page with redirect","2026-07-03","308","308>308>200 -> https://mitchchadban.com/growth-marketing-consultant-for-saas-startups/","https://mitchchadban.com/growth-marketing-consultant-for-saas-startups/","200","https://mitchchadban.com/growth-marketing-consultant-for-saas-startups/","yes","yes","Intentional redirect, correct","None — legacy/variant URL now 301/308-redirects to the live canonical. Authority consolidates.","Ignore/monitor","chain=308>308>200 → https://mitchchadban.com/growth-marketing-consultant-for-saas-startups/ (in sitemap). Redirect reaches canonical. impr=1.",""
"https://mitchchadban.com/Growth-Marketing-Consultant-for-SaaS-Startups/","mitchchadban.com/growth-marketing-consultant-for-saas-startups","Coverage-Validation (2)","Page with redirect","2026-07-03","308","308>200 -> https://mitchchadban.com/growth-marketing-consultant-for-saas-startups/","https://mitchchadban.com/growth-marketing-consultant-for-saas-startups/","200","https://mitchchadban.com/growth-marketing-consultant-for-saas-startups/","yes","yes","Intentional redirect, correct","None — legacy/variant URL now 301/308-redirects to the live canonical. Authority consolidates.","Ignore/monitor","chain=308>200 → https://mitchchadban.com/growth-marketing-consultant-for-saas-startups/ (in sitemap). Redirect reaches canonical. impr=0.",""
"https://mitchchadban.com/Positioning-vs-Messaging-Why-Your-Ads-Aren-t-Working","mitchchadban.com/positioning-vs-messaging-why-your-ads-aren-t-working","Coverage-Validation (2)","Page with redirect","2026-07-03","308","308>308>200 -> https://mitchchadban.com/positioning-vs-messaging-why-your-ads-arent-working/","https://mitchchadban.com/positioning-vs-messaging-why-your-ads-arent-working/","200","https://mitchchadban.com/positioning-vs-messaging-why-your-ads-arent-working/","yes","yes","Intentional redirect, correct","None — legacy/variant URL now 301/308-redirects to the live canonical. Authority consolidates.","Ignore/monitor","chain=308>308>200 → https://mitchchadban.com/positioning-vs-messaging-why-your-ads-arent-working/ (in sitemap). Redirect reaches canonical. impr=0.",""
"https://mitchchadban.com/Positioning-vs-Messaging-Why-Your-Ads-Aren-t-Working/","mitchchadban.com/positioning-vs-messaging-why-your-ads-aren-t-working","Coverage-Validation (2)","Page with redirect","2026-07-03","308","308>200 -> https://mitchchadban.com/positioning-vs-messaging-why-your-ads-arent-working/","https://mitchchadban.com/positioning-vs-messaging-why-your-ads-arent-working/","200","https://mitchchadban.com/positioning-vs-messaging-why-your-ads-arent-working/","yes","yes","Intentional redirect, correct","None — legacy/variant URL now 301/308-redirects to the live canonical. Authority consolidates.","Ignore/monitor","chain=308>200 → https://mitchchadban.com/positioning-vs-messaging-why-your-ads-arent-working/ (in sitemap). Redirect reaches canonical. impr=0.",""
"https://mitchchadban.com/Best-Growth-Marketing-Channels-for-2026-Australia","mitchchadban.com/best-growth-marketing-channels-for-2026-australia","Coverage-Validation (2)","Page with redirect","2026-07-03","308","308>308>200 -> https://mitchchadban.com/best-growth-marketing-channels-australia-2026/","https://mitchchadban.com/best-growth-marketing-channels-australia-2026/","200","https://mitchchadban.com/best-growth-marketing-channels-australia-2026/","yes","yes","Intentional redirect, correct","None — legacy/variant URL now 301/308-redirects to the live canonical. Authority consolidates.","Ignore/monitor","chain=308>308>200 → https://mitchchadban.com/best-growth-marketing-channels-australia-2026/ (in sitemap). Redirect reaches canonical. impr=86.",""
"https://mitchchadban.com/Best-Growth-Marketing-Channels-for-2026-Australia/","mitchchadban.com/best-growth-marketing-channels-for-2026-australia","Coverage-Validation (2)","Page with redirect","2026-07-03","308","308>200 -> https://mitchchadban.com/best-growth-marketing-channels-australia-2026/","https://mitchchadban.com/best-growth-marketing-channels-australia-2026/","200","https://mitchchadban.com/best-growth-marketing-channels-australia-2026/","yes","yes","Intentional redirect, correct","None — legacy/variant URL now 301/308-redirects to the live canonical. Authority consolidates.","Ignore/monitor","chain=308>200 → https://mitchchadban.com/best-growth-marketing-channels-australia-2026/ (in sitemap). Redirect reaches canonical. impr=0.",""
"https://mitchchadban.com/karl-jacobs","mitchchadban.com/karl-jacobs","Coverage-Validation (2)","Page with redirect","2026-07-03","308","308>200 -> https://mitchchadban.com/karl-jacobs/","https://mitchchadban.com/karl-jacobs/","200","https://mitchchadban.com/karl-jacobs/","yes","yes","Intentional redirect, correct","None — legacy/variant URL now 301/308-redirects to the live canonical. Authority consolidates.","Ignore/monitor","chain=308>200 → https://mitchchadban.com/karl-jacobs/ (in sitemap). Redirect reaches canonical. impr=0.",""
"https://mitchchadban.com/contact-form","mitchchadban.com/contact-form","Coverage-Validation (2)","Page with redirect","2026-07-03","308","308>200 -> https://mitchchadban.com/contact-form/","https://mitchchadban.com/contact-form/","200","https://mitchchadban.com/contact-form/","yes","yes","Intentional redirect, correct","None — legacy/variant URL now 301/308-redirects to the live canonical. Authority consolidates.","Ignore/monitor","chain=308>200 → https://mitchchadban.com/contact-form/ (in sitemap). Redirect reaches canonical. impr=0.",""
"https://mitchchadban.com/portfolio-1","mitchchadban.com/portfolio-1","Coverage-Validation (2)","Page with redirect","2026-07-03","308","308>200 -> https://mitchchadban.com/portfolio-1/","https://mitchchadban.com/portfolio-1/","200","https://mitchchadban.com/portfolio-1/","yes","yes","Intentional redirect, correct","None — legacy/variant URL now 301/308-redirects to the live canonical. Authority consolidates.","Ignore/monitor","chain=308>200 → https://mitchchadban.com/portfolio-1/ (in sitemap). Redirect reaches canonical. impr=3.",""
"https://mitchchadban.com/seo-for-saas-australia-what-works-in-2026","mitchchadban.com/seo-for-saas-australia-what-works-in-2026","Coverage-Validation (2)","Page with redirect","2026-07-03","308","308>200 -> https://mitchchadban.com/seo-for-saas-australia-what-works-in-2026/","https://mitchchadban.com/seo-for-saas-australia-what-works-in-2026/","200","https://mitchchadban.com/seo-for-saas-australia-what-works-in-2026/","yes","yes","Intentional redirect, correct","None — legacy/variant URL now 301/308-redirects to the live canonical. Authority consolidates.","Ignore/monitor","chain=308>200 → https://mitchchadban.com/seo-for-saas-australia-what-works-in-2026/ (in sitemap). Redirect reaches canonical. impr=0.",""
"https://mitchchadban.com/why-some-brands-get-mentioned-by-ai-and-others-don't","mitchchadban.com/why-some-brands-get-mentioned-by-ai-and-others-don-t","Coverage-Validation (2)","Page with redirect","2026-07-03","308","308>308>200 -> https://mitchchadban.com/why-some-brands-get-mentioned-by-ai-and-others-dont/","https://mitchchadban.com/why-some-brands-get-mentioned-by-ai-and-others-dont/","200","https://mitchchadban.com/why-some-brands-get-mentioned-by-ai-and-others-dont/","yes","yes","Intentional redirect, correct","None — legacy/variant URL now 301/308-redirects to the live canonical. Authority consolidates.","Ignore/monitor","chain=308>308>200 → https://mitchchadban.com/why-some-brands-get-mentioned-by-ai-and-others-dont/ (in sitemap). Redirect reaches canonical. impr=0.",""
"https://mitchchadban.com/why-some-brands-get-mentioned-by-ai-and-others-don't/","mitchchadban.com/why-some-brands-get-mentioned-by-ai-and-others-don-t","Coverage-Validation (2)","Page with redirect","2026-07-03","308","308>200 -> https://mitchchadban.com/why-some-brands-get-mentioned-by-ai-and-others-dont/","https://mitchchadban.com/why-some-brands-get-mentioned-by-ai-and-others-dont/","200","https://mitchchadban.com/why-some-brands-get-mentioned-by-ai-and-others-dont/","yes","yes","Intentional redirect, correct","None — legacy/variant URL now 301/308-redirects to the live canonical. Authority consolidates.","Ignore/monitor","chain=308>200 → https://mitchchadban.com/why-some-brands-get-mentioned-by-ai-and-others-dont/ (in sitemap). Redirect reaches canonical. impr=0.",""
"https://mitchchadban.com/Best-SEO-AI-Workflow-for-2026","mitchchadban.com/best-seo-ai-workflow-for-2026","Coverage-Validation (2)","Page with redirect","2026-07-02","308","308>308>200 -> https://mitchchadban.com/best-seo-and-ai-workflow-for-2026/","https://mitchchadban.com/best-seo-and-ai-workflow-for-2026/","200","https://mitchchadban.com/best-seo-and-ai-workflow-for-2026/","yes","yes","Intentional redirect, correct","None — legacy/variant URL now 301/308-redirects to the live canonical. Authority consolidates.","Ignore/monitor","chain=308>308>200 → https://mitchchadban.com/best-seo-and-ai-workflow-for-2026/ (in sitemap). Redirect reaches canonical. impr=0.",""
"https://mitchchadban.com/Best-SEO-AI-Workflow-for-2026/","mitchchadban.com/best-seo-ai-workflow-for-2026","Coverage-Validation (2)","Page with redirect","2026-07-02","308","308>200 -> https://mitchchadban.com/best-seo-and-ai-workflow-for-2026/","https://mitchchadban.com/best-seo-and-ai-workflow-for-2026/","200","https://mitchchadban.com/best-seo-and-ai-workflow-for-2026/","yes","yes","Intentional redirect, correct","None — legacy/variant URL now 301/308-redirects to the live canonical. Authority consolidates.","Ignore/monitor","chain=308>200 → https://mitchchadban.com/best-seo-and-ai-workflow-for-2026/ (in sitemap). Redirect reaches canonical. impr=0.",""
"https://mitchchadban.com/AI-SEO-vs-Traditional-SEO-What-s-Changed","mitchchadban.com/ai-seo-vs-traditional-seo-what-s-changed","Coverage-Validation (2)","Page with redirect","2026-07-02","308","308>308>200 -> https://mitchchadban.com/ai-seo-vs-traditional-seo-whats-changed/","https://mitchchadban.com/ai-seo-vs-traditional-seo-whats-changed/","200","https://mitchchadban.com/ai-seo-vs-traditional-seo-whats-changed/","yes","yes","Intentional redirect, correct","None — legacy/variant URL now 301/308-redirects to the live canonical. Authority consolidates.","Ignore/monitor","chain=308>308>200 → https://mitchchadban.com/ai-seo-vs-traditional-seo-whats-changed/ (in sitemap). Redirect reaches canonical. impr=1.",""
"https://mitchchadban.com/AI-SEO-vs-Traditional-SEO-What-s-Changed/","mitchchadban.com/ai-seo-vs-traditional-seo-what-s-changed","Coverage-Validation (2)","Page with redirect","2026-07-02","308","308>200 -> https://mitchchadban.com/ai-seo-vs-traditional-seo-whats-changed/","https://mitchchadban.com/ai-seo-vs-traditional-seo-whats-changed/","200","https://mitchchadban.com/ai-seo-vs-traditional-seo-whats-changed/","yes","yes","Intentional redirect, correct","None — legacy/variant URL now 301/308-redirects to the live canonical. Authority consolidates.","Ignore/monitor","chain=308>200 → https://mitchchadban.com/ai-seo-vs-traditional-seo-whats-changed/ (in sitemap). Redirect reaches canonical. impr=0.",""
"https://mitchchadban.com/contact-form/","mitchchadban.com/contact-form","Coverage-Drilldown","Duplicate, Google chose different canonical than user","2026-07-03","200","200","https://mitchchadban.com/contact-form/","200","https://mitchchadban.com/contact-form/","yes","yes","Duplicate/canonical conflict requiring correction","Confirm Google-selected canonical via URL Inspection (export does not name it). Page is live 200, self-canonical, indexable — no redirect/canonical CODE change needed; likely thin/duplicate perception. Strengthen unique content + internal links.","P2","Live 200, in sitemap, declared canonical=self (https://mitchchadban.com/contact-form/), robots=(none). Google chose a different canonical on its own.","Needs manual URL-Inspection confirmation of Google-chosen canonical."
"https://mitchchadban.com/how-google-ai-overviews-choose-sources/","mitchchadban.com/how-google-ai-overviews-choose-sources","Coverage-Drilldown","Duplicate, Google chose different canonical than user","2026-07-01","200","200","https://mitchchadban.com/how-google-ai-overviews-choose-sources/","200","https://mitchchadban.com/how-google-ai-overviews-choose-sources/","yes","yes","Duplicate/canonical conflict requiring correction","Confirm Google-selected canonical via URL Inspection (export does not name it). Page is live 200, self-canonical, indexable — no redirect/canonical CODE change needed; likely thin/duplicate perception. Strengthen unique content + internal links.","P2","Live 200, in sitemap, declared canonical=self (https://mitchchadban.com/how-google-ai-overviews-choose-sources/), robots=(none). Google chose a different canonical on its own.","Needs manual URL-Inspection confirmation of Google-chosen canonical."
"https://mitchchadban.com/acerca-de/","mitchchadban.com/acerca-de","Coverage-Drilldown","Duplicate, Google chose different canonical than user","2026-06-28","200","200","https://mitchchadban.com/acerca-de/","200","https://mitchchadban.com/acerca-de/","yes","yes","Duplicate/canonical conflict requiring correction","Confirm Google-selected canonical via URL Inspection (export does not name it). Page is live 200, self-canonical, indexable — no redirect/canonical CODE change needed; likely thin/duplicate perception. Strengthen unique content + internal links.","P2","Live 200, in sitemap, declared canonical=self (https://mitchchadban.com/acerca-de/), robots=(none). Google chose a different canonical on its own.","Needs manual URL-Inspection confirmation of Google-chosen canonical."
"https://mitchchadban.com/cart","mitchchadban.com/cart","Coverage-Drilldown (1)","Excluded by 'noindex' tag","2026-02-01","308","308>404 -> https://mitchchadban.com/cart/","https://mitchchadban.com/cart/","404","","no","no","Intentional retired URL","None — legacy Cargo page now returns 404; not in sitemap. Stale GSC status.","Ignore/monitor","Was noindex (last crawled 2026-02-01); now chain=308>404 (404). Retired.",""
"https://mitchchadban.com/Logo-Design-Cost-in-Australia-What-You-Actually-Get","mitchchadban.com/logo-design-cost-in-australia-what-you-actually-get","Performance/Pages.csv (NOT in a Coverage export)","(performance-only) high-impression URL returning 404","","308","308>404 -> https://mitchchadban.com/Logo-Design-Cost-in-Australia-What-You-Actually-Get/","https://mitchchadban.com/Logo-Design-Cost-in-Australia-What-You-Actually-Get/","404","","no","no","Legacy URL missing a redirect","Add 301 redirect: /Logo-Design-Cost-in-Australia-What-You-Actually-Get -> /logo-design-cost-in-australia-what-you-actually-get/ (add slash + non-slash source variants).","P1","chain=308>404 -> https://mitchchadban.com/Logo-Design-Cost-in-Australia-What-You-Actually-Get/. 464 impressions at avg pos 25.41 landing on a 404 (Google ranks a dead URL). Canonical page exists at /logo-design-cost-in-australia-what-you-actually-get/. No redirect rule matches this capitalised title-case variant.","Highest-value missing redirects on the site. Not present in Coverage exports; found via Performance Pages.csv. Capitalised Cargo title URL; Vercel paths are case-sensitive."
"https://mitchchadban.com/The-12-Point-Brand-Consistency-Checklist","mitchchadban.com/the-12-point-brand-consistency-checklist","Performance/Pages.csv (NOT in a Coverage export)","(performance-only) high-impression URL returning 404","","308","308>404 -> https://mitchchadban.com/The-12-Point-Brand-Consistency-Checklist/","https://mitchchadban.com/The-12-Point-Brand-Consistency-Checklist/","404","","no","no","Legacy URL missing a redirect","Add 301 redirect: /The-12-Point-Brand-Consistency-Checklist -> /the-12-point-brand-consistency-checklist/ (add slash + non-slash source variants).","P1","chain=308>404 -> https://mitchchadban.com/The-12-Point-Brand-Consistency-Checklist/. 214 impressions at avg pos 10.11 landing on a 404 (Google ranks a dead URL). Canonical page exists at /the-12-point-brand-consistency-checklist/. No redirect rule matches this capitalised title-case variant.","Highest-value missing redirects on the site. Not present in Coverage exports; found via Performance Pages.csv. Capitalised Cargo title URL; Vercel paths are case-sensitive."
